ISO-10303-21;
HEADER;
FILE_DESCRIPTION(('CATIA V5 STEP Exchange'),'2;1');

FILE_NAME('G:\\balancing robot\\balancing robot_board plate.stp','2025-02-19T05:41:16+00:00',('none'),('none'),'CATIA Version 5 Release 20 GA (IN-10)','CATIA V5 STEP AP203','none');

FILE_SCHEMA(('CONFIG_CONTROL_DESIGN'));

ENDSEC;
/* file written by CATIA V5R20 */
DATA;
#5=PRODUCT('balancing robot_board plate','','',(#2)) ;
#1=APPLICATION_CONTEXT('configuration controlled 3D design of mechanical parts and assemblies') ;
#14=PRODUCT_DEFINITION('',' ',#6,#3) ;
#16=SECURITY_CLASSIFICATION(' ',' ',#15) ;
#15=SECURITY_CLASSIFICATION_LEVEL('unclassified') ;
#47=CARTESIAN_POINT(' ',(0.,0.,0.)) ;
#52=CARTESIAN_POINT('Axis2P3D Location',(0.,-26.,-2.5)) ;
#57=CARTESIAN_POINT('Line Origine',(0.,-23.5,-2.5)) ;
#61=CARTESIAN_POINT('Vertex',(0.,-23.5,0.)) ;
#63=CARTESIAN_POINT('Vertex',(0.,-23.5,-5.)) ;
#66=CARTESIAN_POINT('Axis2P3D Location',(0.,-26.,0.)) ;
#70=CARTESIAN_POINT('Vertex',(-3.06161699787E-016,-28.5,0.)) ;
#73=CARTESIAN_POINT('Line Origine',(-3.06161699787E-016,-28.5,-2.5)) ;
#77=CARTESIAN_POINT('Vertex',(-3.06161699787E-016,-28.5,-5.)) ;
#80=CARTESIAN_POINT('Axis2P3D Location',(0.,-26.,-5.)) ;
#92=CARTESIAN_POINT('Axis2P3D Location',(0.,-26.,0.)) ;
#97=CARTESIAN_POINT('Axis2P3D Location',(0.,-26.,-5.)) ;
#109=CARTESIAN_POINT('Axis2P3D Location',(1.57772181044E-030,26.,-2.5)) ;
#114=CARTESIAN_POINT('Line Origine',(1.57772181044E-030,28.5,-2.5)) ;
#118=CARTESIAN_POINT('Vertex',(1.57772181044E-030,28.5,0.)) ;
#120=CARTESIAN_POINT('Vertex',(1.57772181044E-030,28.5,-5.)) ;
#123=CARTESIAN_POINT('Axis2P3D Location',(1.57772181044E-030,26.,0.)) ;
#127=CARTESIAN_POINT('Vertex',(-3.06161699787E-016,23.5,0.)) ;
#130=CARTESIAN_POINT('Line Origine',(-3.06161699787E-016,23.5,-2.5)) ;
#134=CARTESIAN_POINT('Vertex',(-3.06161699787E-016,23.5,-5.)) ;
#137=CARTESIAN_POINT('Axis2P3D Location',(1.57772181044E-030,26.,-5.)) ;
#149=CARTESIAN_POINT('Axis2P3D Location',(1.57772181044E-030,26.,0.)) ;
#154=CARTESIAN_POINT('Axis2P3D Location',(1.57772181044E-030,26.,-5.)) ;
#166=CARTESIAN_POINT('Axis2P3D Location',(20.5,21.145,10.)) ;
#171=CARTESIAN_POINT('Axis2P3D Location',(20.5,21.145,20.)) ;
#175=CARTESIAN_POINT('Vertex',(20.5,24.145,20.)) ;
#177=CARTESIAN_POINT('Vertex',(23.5,21.145,20.)) ;
#180=CARTESIAN_POINT('Line Origine',(23.5,21.145,10.)) ;
#184=CARTESIAN_POINT('Vertex',(23.5,21.145,0.)) ;
#187=CARTESIAN_POINT('Axis2P3D Location',(20.5,21.145,0.)) ;
#191=CARTESIAN_POINT('Vertex',(20.5,24.145,0.)) ;
#194=CARTESIAN_POINT('Line Origine',(20.5,24.145,10.)) ;
#206=CARTESIAN_POINT('Axis2P3D Location',(-20.5,21.145,10.)) ;
#211=CARTESIAN_POINT('Axis2P3D Location',(-20.5,21.145,20.)) ;
#215=CARTESIAN_POINT('Vertex',(-23.5,21.145,20.)) ;
#217=CARTESIAN_POINT('Vertex',(-20.5,24.145,20.)) ;
#220=CARTESIAN_POINT('Line Origine',(-20.5,24.145,10.)) ;
#224=CARTESIAN_POINT('Vertex',(-20.5,24.145,0.)) ;
#227=CARTESIAN_POINT('Axis2P3D Location',(-20.5,21.145,0.)) ;
#231=CARTESIAN_POINT('Vertex',(-23.5,21.145,0.)) ;
#234=CARTESIAN_POINT('Line Origine',(-23.5,21.145,10.)) ;
#246=CARTESIAN_POINT('Axis2P3D Location',(23.5,24.145,0.)) ;
#251=CARTESIAN_POINT('Line Origine',(23.5,-21.145,10.)) ;
#255=CARTESIAN_POINT('Vertex',(23.5,-21.145,0.)) ;
#257=CARTESIAN_POINT('Vertex',(23.5,-21.145,20.)) ;
#260=CARTESIAN_POINT('Line Origine',(23.5,3.5527136788E-015,0.)) ;
#265=CARTESIAN_POINT('Line Origine',(23.5,3.5527136788E-015,20.)) ;
#277=CARTESIAN_POINT('Axis2P3D Location',(20.5,-21.145,10.)) ;
#282=CARTESIAN_POINT('Axis2P3D Location',(20.5,-21.145,20.)) ;
#286=CARTESIAN_POINT('Vertex',(20.5,-24.145,20.)) ;
#289=CARTESIAN_POINT('Line Origine',(20.5,-24.145,10.)) ;
#293=CARTESIAN_POINT('Vertex',(20.5,-24.145,0.)) ;
#296=CARTESIAN_POINT('Axis2P3D Location',(20.5,-21.145,0.)) ;
#308=CARTESIAN_POINT('Axis2P3D Location',(-23.5,-24.145,0.)) ;
#313=CARTESIAN_POINT('Line Origine',(-23.5,-21.145,10.)) ;
#317=CARTESIAN_POINT('Vertex',(-23.5,-21.145,0.)) ;
#319=CARTESIAN_POINT('Vertex',(-23.5,-21.145,20.)) ;
#322=CARTESIAN_POINT('Line Origine',(-23.5,7.1054273576E-015,20.)) ;
#327=CARTESIAN_POINT('Line Origine',(-23.5,7.1054273576E-015,0.)) ;
#339=CARTESIAN_POINT('Axis2P3D Location',(-20.5,-21.145,10.)) ;
#344=CARTESIAN_POINT('Axis2P3D Location',(-20.5,-21.145,20.)) ;
#348=CARTESIAN_POINT('Vertex',(-20.5,-24.145,20.)) ;
#351=CARTESIAN_POINT('Axis2P3D Location',(-20.5,-21.145,0.)) ;
#355=CARTESIAN_POINT('Vertex',(-20.5,-24.145,0.)) ;
#358=CARTESIAN_POINT('Line Origine',(-20.5,-24.145,10.)) ;
#370=CARTESIAN_POINT('Axis2P3D Location',(-23.5,24.145,0.)) ;
#375=CARTESIAN_POINT('Line Origine',(-9.5,24.145,10.)) ;
#379=CARTESIAN_POINT('Vertex',(-9.5,24.145,0.)) ;
#381=CARTESIAN_POINT('Vertex',(-9.5,24.145,20.)) ;
#384=CARTESIAN_POINT('Line Origine',(-15.,24.145,0.)) ;
#389=CARTESIAN_POINT('Line Origine',(-15.,24.145,20.)) ;
#401=CARTESIAN_POINT('Axis2P3D Location',(-9.5,23.145,10.)) ;
#406=CARTESIAN_POINT('Axis2P3D Location',(-9.5,23.145,20.)) ;
#410=CARTESIAN_POINT('Vertex',(-8.5,23.145,20.)) ;
#413=CARTESIAN_POINT('Line Origine',(-8.5,23.145,10.)) ;
#417=CARTESIAN_POINT('Vertex',(-8.5,23.145,0.)) ;
#420=CARTESIAN_POINT('Axis2P3D Location',(-9.5,23.145,0.)) ;
#432=CARTESIAN_POINT('Axis2P3D Location',(-8.5,-19.145,0.)) ;
#437=CARTESIAN_POINT('Line Origine',(-8.5,20.145,10.)) ;
#441=CARTESIAN_POINT('Vertex',(-8.5,20.145,0.)) ;
#443=CARTESIAN_POINT('Vertex',(-8.5,20.145,20.)) ;
#446=CARTESIAN_POINT('Line Origine',(-8.5,21.645,0.)) ;
#451=CARTESIAN_POINT('Line Origine',(-8.5,21.645,20.)) ;
#463=CARTESIAN_POINT('Axis2P3D Location',(-9.5,20.145,10.)) ;
#468=CARTESIAN_POINT('Axis2P3D Location',(-9.5,20.145,20.)) ;
#472=CARTESIAN_POINT('Vertex',(-9.5,19.145,20.)) ;
#475=CARTESIAN_POINT('Line Origine',(-9.5,19.145,10.)) ;
#479=CARTESIAN_POINT('Vertex',(-9.5,19.145,0.)) ;
#482=CARTESIAN_POINT('Axis2P3D Location',(-9.5,20.145,0.)) ;
#494=CARTESIAN_POINT('Axis2P3D Location',(-9.5,-20.145,10.)) ;
#499=CARTESIAN_POINT('Axis2P3D Location',(-9.5,-20.145,20.)) ;
#503=CARTESIAN_POINT('Vertex',(-9.5,-19.145,20.)) ;
#505=CARTESIAN_POINT('Vertex',(-8.5,-20.145,20.)) ;
#508=CARTESIAN_POINT('Line Origine',(-8.5,-20.145,10.)) ;
#512=CARTESIAN_POINT('Vertex',(-8.5,-20.145,0.)) ;
#515=CARTESIAN_POINT('Axis2P3D Location',(-9.5,-20.145,0.)) ;
#519=CARTESIAN_POINT('Vertex',(-9.5,-19.145,0.)) ;
#522=CARTESIAN_POINT('Line Origine',(-9.5,-19.145,10.)) ;
#534=CARTESIAN_POINT('Axis2P3D Location',(-8.5,-24.145,0.)) ;
#539=CARTESIAN_POINT('Line Origine',(-9.5,-24.145,10.)) ;
#543=CARTESIAN_POINT('Vertex',(-9.5,-24.145,0.)) ;
#545=CARTESIAN_POINT('Vertex',(-9.5,-24.145,20.)) ;
#548=CARTESIAN_POINT('Line Origine',(-15.,-24.145,20.)) ;
#553=CARTESIAN_POINT('Line Origine',(-15.,-24.145,0.)) ;
#565=CARTESIAN_POINT('Line Origine',(-8.5,-23.145,10.)) ;
#569=CARTESIAN_POINT('Vertex',(-8.5,-23.145,0.)) ;
#571=CARTESIAN_POINT('Vertex',(-8.5,-23.145,20.)) ;
#574=CARTESIAN_POINT('Line Origine',(-8.5,-21.645,0.)) ;
#579=CARTESIAN_POINT('Line Origine',(-8.5,-21.645,20.)) ;
#591=CARTESIAN_POINT('Axis2P3D Location',(-9.5,-23.145,10.)) ;
#596=CARTESIAN_POINT('Axis2P3D Location',(-9.5,-23.145,20.)) ;
#601=CARTESIAN_POINT('Axis2P3D Location',(-9.5,-23.145,0.)) ;
#613=CARTESIAN_POINT('Line Origine',(9.5,24.145,10.)) ;
#617=CARTESIAN_POINT('Vertex',(9.5,24.145,0.)) ;
#619=CARTESIAN_POINT('Vertex',(9.5,24.145,20.)) ;
#622=CARTESIAN_POINT('Line Origine',(15.,24.145,20.)) ;
#627=CARTESIAN_POINT('Line Origine',(15.,24.145,0.)) ;
#639=CARTESIAN_POINT('Axis2P3D Location',(9.5,23.145,10.)) ;
#644=CARTESIAN_POINT('Axis2P3D Location',(9.5,23.145,20.)) ;
#648=CARTESIAN_POINT('Vertex',(8.5,23.145,20.)) ;
#651=CARTESIAN_POINT('Axis2P3D Location',(9.5,23.145,0.)) ;
#655=CARTESIAN_POINT('Vertex',(8.5,23.145,0.)) ;
#658=CARTESIAN_POINT('Line Origine',(8.5,23.145,10.)) ;
#670=CARTESIAN_POINT('Axis2P3D Location',(8.5,24.145,0.)) ;
#675=CARTESIAN_POINT('Line Origine',(8.5,21.645,20.)) ;
#679=CARTESIAN_POINT('Vertex',(8.5,20.145,20.)) ;
#682=CARTESIAN_POINT('Line Origine',(8.5,21.645,0.)) ;
#686=CARTESIAN_POINT('Vertex',(8.5,20.145,0.)) ;
#689=CARTESIAN_POINT('Line Origine',(8.5,20.145,10.)) ;
#701=CARTESIAN_POINT('Axis2P3D Location',(9.5,20.145,10.)) ;
#706=CARTESIAN_POINT('Axis2P3D Location',(9.5,20.145,20.)) ;
#710=CARTESIAN_POINT('Vertex',(9.5,19.145,20.)) ;
#713=CARTESIAN_POINT('Axis2P3D Location',(9.5,20.145,0.)) ;
#717=CARTESIAN_POINT('Vertex',(9.5,19.145,0.)) ;
#720=CARTESIAN_POINT('Line Origine',(9.5,19.145,10.)) ;
#732=CARTESIAN_POINT('Axis2P3D Location',(9.5,-20.145,10.)) ;
#737=CARTESIAN_POINT('Axis2P3D Location',(9.5,-20.145,20.)) ;
#741=CARTESIAN_POINT('Vertex',(8.5,-20.145,20.)) ;
#743=CARTESIAN_POINT('Vertex',(9.5,-19.145,20.)) ;
#746=CARTESIAN_POINT('Line Origine',(9.5,-19.145,10.)) ;
#750=CARTESIAN_POINT('Vertex',(9.5,-19.145,0.)) ;
#753=CARTESIAN_POINT('Axis2P3D Location',(9.5,-20.145,0.)) ;
#757=CARTESIAN_POINT('Vertex',(8.5,-20.145,0.)) ;
#760=CARTESIAN_POINT('Line Origine',(8.5,-20.145,10.)) ;
#772=CARTESIAN_POINT('Line Origine',(9.5,-24.145,10.)) ;
#776=CARTESIAN_POINT('Vertex',(9.5,-24.145,0.)) ;
#778=CARTESIAN_POINT('Vertex',(9.5,-24.145,20.)) ;
#781=CARTESIAN_POINT('Line Origine',(15.,-24.145,0.)) ;
#786=CARTESIAN_POINT('Line Origine',(15.,-24.145,20.)) ;
#798=CARTESIAN_POINT('Line Origine',(8.5,-21.645,20.)) ;
#802=CARTESIAN_POINT('Vertex',(8.5,-23.145,20.)) ;
#805=CARTESIAN_POINT('Line Origine',(8.5,-21.645,0.)) ;
#809=CARTESIAN_POINT('Vertex',(8.5,-23.145,0.)) ;
#812=CARTESIAN_POINT('Line Origine',(8.5,-23.145,10.)) ;
#824=CARTESIAN_POINT('Axis2P3D Location',(9.5,-23.145,10.)) ;
#829=CARTESIAN_POINT('Axis2P3D Location',(9.5,-23.145,20.)) ;
#834=CARTESIAN_POINT('Axis2P3D Location',(9.5,-23.145,0.)) ;
#846=CARTESIAN_POINT('Axis2P3D Location',(-8.5,-19.145,0.)) ;
#851=CARTESIAN_POINT('Line Origine',(12.5,-19.145,0.)) ;
#855=CARTESIAN_POINT('Vertex',(15.5,-19.145,0.)) ;
#858=CARTESIAN_POINT('Line Origine',(12.5,-19.145,20.)) ;
#862=CARTESIAN_POINT('Vertex',(15.5,-19.145,20.)) ;
#865=CARTESIAN_POINT('Line Origine',(15.5,-19.145,10.)) ;
#877=CARTESIAN_POINT('Axis2P3D Location',(15.5,-16.145,10.)) ;
#882=CARTESIAN_POINT('Axis2P3D Location',(15.5,-16.145,20.)) ;
#886=CARTESIAN_POINT('Vertex',(18.5,-16.145,20.)) ;
#889=CARTESIAN_POINT('Line Origine',(18.5,-16.145,10.)) ;
#893=CARTESIAN_POINT('Vertex',(18.5,-16.145,0.)) ;
#896=CARTESIAN_POINT('Axis2P3D Location',(15.5,-16.145,0.)) ;
#908=CARTESIAN_POINT('Line Origine',(-12.5,-19.145,20.)) ;
#912=CARTESIAN_POINT('Vertex',(-15.5,-19.145,20.)) ;
#915=CARTESIAN_POINT('Line Origine',(-12.5,-19.145,0.)) ;
#919=CARTESIAN_POINT('Vertex',(-15.5,-19.145,0.)) ;
#922=CARTESIAN_POINT('Line Origine',(-15.5,-19.145,10.)) ;
#934=CARTESIAN_POINT('Axis2P3D Location',(-15.5,-16.145,10.)) ;
#939=CARTESIAN_POINT('Line Origine',(-18.5,-16.145,10.)) ;
#943=CARTESIAN_POINT('Vertex',(-18.5,-16.145,20.)) ;
#945=CARTESIAN_POINT('Vertex',(-18.5,-16.145,0.)) ;
#948=CARTESIAN_POINT('Axis2P3D Location',(-15.5,-16.145,20.)) ;
#953=CARTESIAN_POINT('Axis2P3D Location',(-15.5,-16.145,0.)) ;
#965=CARTESIAN_POINT('Axis2P3D Location',(-18.5,19.145,0.)) ;
#970=CARTESIAN_POINT('Line Origine',(12.5,19.145,20.)) ;
#974=CARTESIAN_POINT('Vertex',(15.5,19.145,20.)) ;
#977=CARTESIAN_POINT('Line Origine',(12.5,19.145,0.)) ;
#981=CARTESIAN_POINT('Vertex',(15.5,19.145,0.)) ;
#984=CARTESIAN_POINT('Line Origine',(15.5,19.145,10.)) ;
#996=CARTESIAN_POINT('Axis2P3D Location',(18.5,19.145,0.)) ;
#1001=CARTESIAN_POINT('Line Origine',(18.5,7.1054273576E-015,0.)) ;
#1005=CARTESIAN_POINT('Vertex',(18.5,16.145,0.)) ;
#1008=CARTESIAN_POINT('Line Origine',(18.5,7.1054273576E-015,20.)) ;
#1012=CARTESIAN_POINT('Vertex',(18.5,16.145,20.)) ;
#1015=CARTESIAN_POINT('Line Origine',(18.5,16.145,10.)) ;
#1027=CARTESIAN_POINT('Axis2P3D Location',(15.5,16.145,10.)) ;
#1032=CARTESIAN_POINT('Axis2P3D Location',(15.5,16.145,20.)) ;
#1037=CARTESIAN_POINT('Axis2P3D Location',(15.5,16.145,0.)) ;
#1049=CARTESIAN_POINT('Line Origine',(-12.5,19.145,0.)) ;
#1053=CARTESIAN_POINT('Vertex',(-15.5,19.145,0.)) ;
#1056=CARTESIAN_POINT('Line Origine',(-12.5,19.145,20.)) ;
#1060=CARTESIAN_POINT('Vertex',(-15.5,19.145,20.)) ;
#1063=CARTESIAN_POINT('Line Origine',(-15.5,19.145,10.)) ;
#1075=CARTESIAN_POINT('Axis2P3D Location',(-18.5,-19.145,0.)) ;
#1080=CARTESIAN_POINT('Line Origine',(-18.5,0.,20.)) ;
#1084=CARTESIAN_POINT('Vertex',(-18.5,16.145,20.)) ;
#1087=CARTESIAN_POINT('Line Origine',(-18.5,0.,0.)) ;
#1091=CARTESIAN_POINT('Vertex',(-18.5,16.145,0.)) ;
#1094=CARTESIAN_POINT('Line Origine',(-18.5,16.145,10.)) ;
#1106=CARTESIAN_POINT('Axis2P3D Location',(-15.5,16.145,10.)) ;
#1111=CARTESIAN_POINT('Axis2P3D Location',(-15.5,16.145,20.)) ;
#1116=CARTESIAN_POINT('Axis2P3D Location',(-15.5,16.145,0.)) ;
#1128=CARTESIAN_POINT('Axis2P3D Location',(0.,0.,20.)) ;
#1151=CARTESIAN_POINT('Axis2P3D Location',(-20.25,22.15,20.)) ;
#1155=CARTESIAN_POINT('Vertex',(-19.3,22.15,20.)) ;
#1157=CARTESIAN_POINT('Vertex',(-21.2,22.15,20.)) ;
#1160=CARTESIAN_POINT('Axis2P3D Location',(-20.25,22.15,20.)) ;
#1169=CARTESIAN_POINT('Axis2P3D Location',(-20.25,-22.15,20.)) ;
#1173=CARTESIAN_POINT('Vertex',(-19.3,-22.15,20.)) ;
#1175=CARTESIAN_POINT('Vertex',(-21.2,-22.15,20.)) ;
#1178=CARTESIAN_POINT('Axis2P3D Location',(-20.25,-22.15,20.)) ;
#1206=CARTESIAN_POINT('Axis2P3D Location',(20.25,22.15,20.)) ;
#1210=CARTESIAN_POINT('Vertex',(19.3,22.15,20.)) ;
#1212=CARTESIAN_POINT('Vertex',(21.2,22.15,20.)) ;
#1215=CARTESIAN_POINT('Axis2P3D Location',(20.25,22.15,20.)) ;
#1224=CARTESIAN_POINT('Axis2P3D Location',(20.25,-22.15,20.)) ;
#1228=CARTESIAN_POINT('Vertex',(19.3,-22.15,20.)) ;
#1230=CARTESIAN_POINT('Vertex',(21.2,-22.15,20.)) ;
#1233=CARTESIAN_POINT('Axis2P3D Location',(20.25,-22.15,20.)) ;
#1243=CARTESIAN_POINT('Axis2P3D Location',(20.25,22.15,15.)) ;
#1248=CARTESIAN_POINT('Line Origine',(19.3,22.15,15.)) ;
#1252=CARTESIAN_POINT('Vertex',(19.3,22.15,10.)) ;
#1255=CARTESIAN_POINT('Line Origine',(21.2,22.15,15.)) ;
#1259=CARTESIAN_POINT('Vertex',(21.2,22.15,10.)) ;
#1262=CARTESIAN_POINT('Axis2P3D Location',(20.25,22.15,10.)) ;
#1274=CARTESIAN_POINT('Axis2P3D Location',(20.25,22.15,10.)) ;
#1286=CARTESIAN_POINT('Axis2P3D Location',(0.,0.,10.)) ;
#1296=CARTESIAN_POINT('Axis2P3D Location',(-20.25,-22.15,15.)) ;
#1301=CARTESIAN_POINT('Line Origine',(-19.3,-22.15,15.)) ;
#1305=CARTESIAN_POINT('Vertex',(-19.3,-22.15,10.)) ;
#1308=CARTESIAN_POINT('Line Origine',(-21.2,-22.15,15.)) ;
#1312=CARTESIAN_POINT('Vertex',(-21.2,-22.15,10.)) ;
#1315=CARTESIAN_POINT('Axis2P3D Location',(-20.25,-22.15,10.)) ;
#1327=CARTESIAN_POINT('Axis2P3D Location',(-20.25,-22.15,10.)) ;
#1344=CARTESIAN_POINT('Axis2P3D Location',(20.25,-22.15,15.)) ;
#1349=CARTESIAN_POINT('Line Origine',(19.3,-22.15,15.)) ;
#1353=CARTESIAN_POINT('Vertex',(19.3,-22.15,10.)) ;
#1356=CARTESIAN_POINT('Line Origine',(21.2,-22.15,15.)) ;
#1360=CARTESIAN_POINT('Vertex',(21.2,-22.15,10.)) ;
#1363=CARTESIAN_POINT('Axis2P3D Location',(20.25,-22.15,10.)) ;
#1375=CARTESIAN_POINT('Axis2P3D Location',(20.25,-22.15,10.)) ;
#1392=CARTESIAN_POINT('Axis2P3D Location',(-20.25,22.15,15.)) ;
#1397=CARTESIAN_POINT('Line Origine',(-19.3,22.15,15.)) ;
#1401=CARTESIAN_POINT('Vertex',(-19.3,22.15,10.)) ;
#1404=CARTESIAN_POINT('Line Origine',(-21.2,22.15,15.)) ;
#1408=CARTESIAN_POINT('Vertex',(-21.2,22.15,10.)) ;
#1411=CARTESIAN_POINT('Axis2P3D Location',(-20.25,22.15,10.)) ;
#1423=CARTESIAN_POINT('Axis2P3D Location',(-20.25,22.15,10.)) ;
#1440=CARTESIAN_POINT('Axis2P3D Location',(23.,24.145,-2.5)) ;
#1445=CARTESIAN_POINT('Axis2P3D Location',(23.,24.145,-5.)) ;
#1449=CARTESIAN_POINT('Vertex',(25.,24.145,-5.)) ;
#1451=CARTESIAN_POINT('Vertex',(23.,26.145,-5.)) ;
#1454=CARTESIAN_POINT('Line Origine',(23.,26.145,-2.5)) ;
#1458=CARTESIAN_POINT('Vertex',(23.,26.145,0.)) ;
#1461=CARTESIAN_POINT('Axis2P3D Location',(23.,24.145,0.)) ;
#1465=CARTESIAN_POINT('Vertex',(25.,24.145,0.)) ;
#1468=CARTESIAN_POINT('Line Origine',(25.,24.145,-2.5)) ;
#1480=CARTESIAN_POINT('Axis2P3D Location',(2.5,28.5,-2.5)) ;
#1485=CARTESIAN_POINT('Axis2P3D Location',(2.5,28.5,-5.)) ;
#1489=CARTESIAN_POINT('Vertex',(4.5,28.5,-5.)) ;
#1491=CARTESIAN_POINT('Vertex',(2.5,30.5,-5.)) ;
#1494=CARTESIAN_POINT('Line Origine',(2.5,30.5,-2.5)) ;
#1498=CARTESIAN_POINT('Vertex',(2.5,30.5,0.)) ;
#1501=CARTESIAN_POINT('Axis2P3D Location',(2.5,28.5,0.)) ;
#1505=CARTESIAN_POINT('Vertex',(4.5,28.5,0.)) ;
#1508=CARTESIAN_POINT('Line Origine',(4.5,28.5,-2.5)) ;
#1520=CARTESIAN_POINT('Axis2P3D Location',(-4.5,30.5,0.)) ;
#1525=CARTESIAN_POINT('Line Origine',(0.,30.5,0.)) ;
#1529=CARTESIAN_POINT('Vertex',(-2.5,30.5,0.)) ;
#1532=CARTESIAN_POINT('Line Origine',(0.,30.5,-5.)) ;
#1536=CARTESIAN_POINT('Vertex',(-2.5,30.5,-5.)) ;
#1539=CARTESIAN_POINT('Line Origine',(-2.5,30.5,-2.5)) ;
#1551=CARTESIAN_POINT('Axis2P3D Location',(-2.5,28.5,-2.5)) ;
#1556=CARTESIAN_POINT('Axis2P3D Location',(-2.5,28.5,-5.)) ;
#1560=CARTESIAN_POINT('Vertex',(-4.5,28.5,-5.)) ;
#1563=CARTESIAN_POINT('Line Origine',(-4.5,28.5,-2.5)) ;
#1567=CARTESIAN_POINT('Vertex',(-4.5,28.5,0.)) ;
#1570=CARTESIAN_POINT('Axis2P3D Location',(-2.5,28.5,0.)) ;
#1582=CARTESIAN_POINT('Axis2P3D Location',(-23.,24.145,-2.5)) ;
#1587=CARTESIAN_POINT('Axis2P3D Location',(-23.,24.145,-5.)) ;
#1591=CARTESIAN_POINT('Vertex',(-23.,26.145,-5.)) ;
#1593=CARTESIAN_POINT('Vertex',(-25.,24.145,-5.)) ;
#1596=CARTESIAN_POINT('Line Origine',(-25.,24.145,-2.5)) ;
#1600=CARTESIAN_POINT('Vertex',(-25.,24.145,0.)) ;
#1603=CARTESIAN_POINT('Axis2P3D Location',(-23.,24.145,0.)) ;
#1607=CARTESIAN_POINT('Vertex',(-23.,26.145,0.)) ;
#1610=CARTESIAN_POINT('Line Origine',(-23.,26.145,-2.5)) ;
#1622=CARTESIAN_POINT('Axis2P3D Location',(-31.0678958893,26.145,0.)) ;
#1627=CARTESIAN_POINT('Line Origine',(14.75,26.145,0.)) ;
#1631=CARTESIAN_POINT('Vertex',(6.5,26.145,0.)) ;
#1634=CARTESIAN_POINT('Line Origine',(14.75,26.145,-5.)) ;
#1638=CARTESIAN_POINT('Vertex',(6.5,26.145,-5.)) ;
#1641=CARTESIAN_POINT('Line Origine',(6.5,26.145,-2.5)) ;
#1653=CARTESIAN_POINT('Axis2P3D Location',(4.5,30.5,0.)) ;
#1658=CARTESIAN_POINT('Line Origine',(4.5,28.3225,-5.)) ;
#1662=CARTESIAN_POINT('Vertex',(4.5,28.145,-5.)) ;
#1665=CARTESIAN_POINT('Line Origine',(4.5,28.3225,0.)) ;
#1669=CARTESIAN_POINT('Vertex',(4.5,28.145,0.)) ;
#1672=CARTESIAN_POINT('Line Origine',(4.5,28.145,-2.5)) ;
#1684=CARTESIAN_POINT('Axis2P3D Location',(6.5,28.145,-2.5)) ;
#1689=CARTESIAN_POINT('Axis2P3D Location',(6.5,28.145,-5.)) ;
#1694=CARTESIAN_POINT('Axis2P3D Location',(6.5,28.145,0.)) ;
#1706=CARTESIAN_POINT('Axis2P3D Location',(-25.,-35.,0.)) ;
#1711=CARTESIAN_POINT('Line Origine',(-25.,-3.5527136788E-015,0.)) ;
#1715=CARTESIAN_POINT('Vertex',(-25.,-24.145,0.)) ;
#1718=CARTESIAN_POINT('Line Origine',(-25.,-3.5527136788E-015,-5.)) ;
#1722=CARTESIAN_POINT('Vertex',(-25.,-24.145,-5.)) ;
#1725=CARTESIAN_POINT('Line Origine',(-25.,-24.145,-2.5)) ;
#1737=CARTESIAN_POINT('Axis2P3D Location',(-23.,-24.145,-2.5)) ;
#1742=CARTESIAN_POINT('Axis2P3D Location',(-23.,-24.145,-5.)) ;
#1746=CARTESIAN_POINT('Vertex',(-23.,-26.145,-5.)) ;
#1749=CARTESIAN_POINT('Line Origine',(-23.,-26.145,-2.5)) ;
#1753=CARTESIAN_POINT('Vertex',(-23.,-26.145,0.)) ;
#1756=CARTESIAN_POINT('Axis2P3D Location',(-23.,-24.145,0.)) ;
#1768=CARTESIAN_POINT('Axis2P3D Location',(4.5,-26.145,0.)) ;
#1773=CARTESIAN_POINT('Line Origine',(-6.5,-26.145,-2.5)) ;
#1777=CARTESIAN_POINT('Vertex',(-6.5,-26.145,-5.)) ;
#1779=CARTESIAN_POINT('Vertex',(-6.5,-26.145,0.)) ;
#1782=CARTESIAN_POINT('Line Origine',(-14.75,-26.145,0.)) ;
#1787=CARTESIAN_POINT('Line Origine',(-14.75,-26.145,-5.)) ;
#1799=CARTESIAN_POINT('Axis2P3D Location',(-6.5,-28.145,-2.5)) ;
#1804=CARTESIAN_POINT('Axis2P3D Location',(-6.5,-28.145,-5.)) ;
#1808=CARTESIAN_POINT('Vertex',(-4.5,-28.145,-5.)) ;
#1811=CARTESIAN_POINT('Line Origine',(-4.5,-28.145,-2.5)) ;
#1815=CARTESIAN_POINT('Vertex',(-4.5,-28.145,0.)) ;
#1818=CARTESIAN_POINT('Axis2P3D Location',(-6.5,-28.145,0.)) ;
#1830=CARTESIAN_POINT('Axis2P3D Location',(-4.5,26.145,0.)) ;
#1835=CARTESIAN_POINT('Line Origine',(-4.5,-28.3225,0.)) ;
#1839=CARTESIAN_POINT('Vertex',(-4.5,-28.5,0.)) ;
#1842=CARTESIAN_POINT('Line Origine',(-4.5,-28.3225,-5.)) ;
#1846=CARTESIAN_POINT('Vertex',(-4.5,-28.5,-5.)) ;
#1849=CARTESIAN_POINT('Line Origine',(-4.5,-28.5,-2.5)) ;
#1861=CARTESIAN_POINT('Axis2P3D Location',(-2.5,-28.5,-2.5)) ;
#1866=CARTESIAN_POINT('Axis2P3D Location',(-2.5,-28.5,-5.)) ;
#1870=CARTESIAN_POINT('Vertex',(-2.5,-30.5,-5.)) ;
#1873=CARTESIAN_POINT('Line Origine',(-2.5,-30.5,-2.5)) ;
#1877=CARTESIAN_POINT('Vertex',(-2.5,-30.5,0.)) ;
#1880=CARTESIAN_POINT('Axis2P3D Location',(-2.5,-28.5,0.)) ;
#1892=CARTESIAN_POINT('Axis2P3D Location',(-4.5,-30.5,0.)) ;
#1897=CARTESIAN_POINT('Line Origine',(2.5,-30.5,-2.5)) ;
#1901=CARTESIAN_POINT('Vertex',(2.5,-30.5,0.)) ;
#1903=CARTESIAN_POINT('Vertex',(2.5,-30.5,-5.)) ;
#1906=CARTESIAN_POINT('Line Origine',(-4.4408920985E-016,-30.5,0.)) ;
#1911=CARTESIAN_POINT('Line Origine',(-4.4408920985E-016,-30.5,-5.)) ;
#1923=CARTESIAN_POINT('Axis2P3D Location',(2.5,-28.5,-2.5)) ;
#1928=CARTESIAN_POINT('Axis2P3D Location',(2.5,-28.5,-5.)) ;
#1932=CARTESIAN_POINT('Vertex',(4.5,-28.5,-5.)) ;
#1935=CARTESIAN_POINT('Line Origine',(4.5,-28.5,-2.5)) ;
#1939=CARTESIAN_POINT('Vertex',(4.5,-28.5,0.)) ;
#1942=CARTESIAN_POINT('Axis2P3D Location',(2.5,-28.5,0.)) ;
#1954=CARTESIAN_POINT('Axis2P3D Location',(25.,35.,0.)) ;
#1959=CARTESIAN_POINT('Line Origine',(25.,0.,-5.)) ;
#1963=CARTESIAN_POINT('Vertex',(25.,-24.145,-5.)) ;
#1966=CARTESIAN_POINT('Line Origine',(25.,0.,0.)) ;
#1970=CARTESIAN_POINT('Vertex',(25.,-24.145,0.)) ;
#1973=CARTESIAN_POINT('Line Origine',(25.,-24.145,-2.5)) ;
#1985=CARTESIAN_POINT('Axis2P3D Location',(23.,-24.145,-2.5)) ;
#1990=CARTESIAN_POINT('Axis2P3D Location',(23.,-24.145,-5.)) ;
#1994=CARTESIAN_POINT('Vertex',(23.,-26.145,-5.)) ;
#1997=CARTESIAN_POINT('Axis2P3D Location',(23.,-24.145,0.)) ;
#2001=CARTESIAN_POINT('Vertex',(23.,-26.145,0.)) ;
#2004=CARTESIAN_POINT('Line Origine',(23.,-26.145,-2.5)) ;
#2016=CARTESIAN_POINT('Line Origine',(4.5,-28.3225,0.)) ;
#2020=CARTESIAN_POINT('Vertex',(4.5,-28.145,0.)) ;
#2023=CARTESIAN_POINT('Line Origine',(4.5,-28.3225,-5.)) ;
#2027=CARTESIAN_POINT('Vertex',(4.5,-28.145,-5.)) ;
#2030=CARTESIAN_POINT('Line Origine',(4.5,-28.145,-2.5)) ;
#2042=CARTESIAN_POINT('Line Origine',(6.5,-26.145,-2.5)) ;
#2046=CARTESIAN_POINT('Vertex',(6.5,-26.145,-5.)) ;
#2048=CARTESIAN_POINT('Vertex',(6.5,-26.145,0.)) ;
#2051=CARTESIAN_POINT('Line Origine',(14.75,-26.145,-5.)) ;
#2056=CARTESIAN_POINT('Line Origine',(14.75,-26.145,0.)) ;
#2068=CARTESIAN_POINT('Axis2P3D Location',(6.5,-28.145,-2.5)) ;
#2073=CARTESIAN_POINT('Axis2P3D Location',(6.5,-28.145,-5.)) ;
#2078=CARTESIAN_POINT('Axis2P3D Location',(6.5,-28.145,0.)) ;
#2090=CARTESIAN_POINT('Line Origine',(-4.5,28.3225,0.)) ;
#2094=CARTESIAN_POINT('Vertex',(-4.5,28.145,0.)) ;
#2097=CARTESIAN_POINT('Line Origine',(-4.5,28.3225,-5.)) ;
#2101=CARTESIAN_POINT('Vertex',(-4.5,28.145,-5.)) ;
#2104=CARTESIAN_POINT('Line Origine',(-4.5,28.145,-2.5)) ;
#2116=CARTESIAN_POINT('Line Origine',(-14.75,26.145,-5.)) ;
#2120=CARTESIAN_POINT('Vertex',(-6.5,26.145,-5.)) ;
#2123=CARTESIAN_POINT('Line Origine',(-14.75,26.145,0.)) ;
#2127=CARTESIAN_POINT('Vertex',(-6.5,26.145,0.)) ;
#2130=CARTESIAN_POINT('Line Origine',(-6.5,26.145,-2.5)) ;
#2142=CARTESIAN_POINT('Axis2P3D Location',(-6.5,28.145,-2.5)) ;
#2147=CARTESIAN_POINT('Axis2P3D Location',(-6.5,28.145,-5.)) ;
#2152=CARTESIAN_POINT('Axis2P3D Location',(-6.5,28.145,0.)) ;
#2164=CARTESIAN_POINT('Axis2P3D Location',(13.5,14.145,-2.5)) ;
#2169=CARTESIAN_POINT('Line Origine',(13.5,17.145,-2.5)) ;
#2173=CARTESIAN_POINT('Vertex',(13.5,17.145,-5.)) ;
#2175=CARTESIAN_POINT('Vertex',(13.5,17.145,0.)) ;
#2178=CARTESIAN_POINT('Axis2P3D Location',(13.5,14.145,-5.)) ;
#2182=CARTESIAN_POINT('Vertex',(16.5,14.145,-5.)) ;
#2185=CARTESIAN_POINT('Line Origine',(16.5,14.145,-2.5)) ;
#2189=CARTESIAN_POINT('Vertex',(16.5,14.145,0.)) ;
#2192=CARTESIAN_POINT('Axis2P3D Location',(13.5,14.145,0.)) ;
#2204=CARTESIAN_POINT('Axis2P3D Location',(16.5,17.145,0.)) ;
#2209=CARTESIAN_POINT('Line Origine',(16.5,-14.145,-2.5)) ;
#2213=CARTESIAN_POINT('Vertex',(16.5,-14.145,-5.)) ;
#2215=CARTESIAN_POINT('Vertex',(16.5,-14.145,0.)) ;
#2218=CARTESIAN_POINT('Line Origine',(16.5,-1.7763568394E-015,0.)) ;
#2223=CARTESIAN_POINT('Line Origine',(16.5,-1.7763568394E-015,-5.)) ;
#2235=CARTESIAN_POINT('Axis2P3D Location',(13.5,-14.145,-2.5)) ;
#2240=CARTESIAN_POINT('Axis2P3D Location',(13.5,-14.145,-5.)) ;
#2244=CARTESIAN_POINT('Vertex',(13.5,-17.145,-5.)) ;
#2247=CARTESIAN_POINT('Line Origine',(13.5,-17.145,-2.5)) ;
#2251=CARTESIAN_POINT('Vertex',(13.5,-17.145,0.)) ;
#2254=CARTESIAN_POINT('Axis2P3D Location',(13.5,-14.145,0.)) ;
#2266=CARTESIAN_POINT('Axis2P3D Location',(-16.5,17.145,0.)) ;
#2271=CARTESIAN_POINT('Line Origine',(-13.5,17.145,-2.5)) ;
#2275=CARTESIAN_POINT('Vertex',(-13.5,17.145,-5.)) ;
#2277=CARTESIAN_POINT('Vertex',(-13.5,17.145,0.)) ;
#2280=CARTESIAN_POINT('Line Origine',(0.,17.145,-5.)) ;
#2285=CARTESIAN_POINT('Line Origine',(0.,17.145,0.)) ;
#2297=CARTESIAN_POINT('Axis2P3D Location',(-13.5,14.145,-2.5)) ;
#2302=CARTESIAN_POINT('Line Origine',(-16.5,14.145,-2.5)) ;
#2306=CARTESIAN_POINT('Vertex',(-16.5,14.145,-5.)) ;
#2308=CARTESIAN_POINT('Vertex',(-16.5,14.145,0.)) ;
#2311=CARTESIAN_POINT('Axis2P3D Location',(-13.5,14.145,-5.)) ;
#2316=CARTESIAN_POINT('Axis2P3D Location',(-13.5,14.145,0.)) ;
#2328=CARTESIAN_POINT('Axis2P3D Location',(0.,0.,-5.)) ;
#2359=CARTESIAN_POINT('Line Origine',(3.5527136788E-015,-17.145,-5.)) ;
#2363=CARTESIAN_POINT('Vertex',(-13.5,-17.145,-5.)) ;
#2366=CARTESIAN_POINT('Line Origine',(-16.5,0.,-5.)) ;
#2370=CARTESIAN_POINT('Vertex',(-16.5,-14.145,-5.)) ;
#2373=CARTESIAN_POINT('Axis2P3D Location',(-13.5,-14.145,-5.)) ;
#2397=CARTESIAN_POINT('Axis2P3D Location',(0.,0.,0.)) ;
#2428=CARTESIAN_POINT('Axis2P3D Location',(-13.5,-14.145,0.)) ;
#2432=CARTESIAN_POINT('Vertex',(-13.5,-17.145,0.)) ;
#2434=CARTESIAN_POINT('Vertex',(-16.5,-14.145,0.)) ;
#2437=CARTESIAN_POINT('Line Origine',(-16.5,0.,0.)) ;
#2442=CARTESIAN_POINT('Line Origine',(3.5527136788E-015,-17.145,0.)) ;
#2502=CARTESIAN_POINT('Axis2P3D Location',(16.5,-17.145,0.)) ;
#2507=CARTESIAN_POINT('Line Origine',(-13.5,-17.145,-2.5)) ;
#2519=CARTESIAN_POINT('Axis2P3D Location',(-16.5,-17.145,0.)) ;
#2524=CARTESIAN_POINT('Line Origine',(-16.5,-14.145,-2.5)) ;
#2536=CARTESIAN_POINT('Axis2P3D Location',(-13.5,-14.145,-2.5)) ;
#53=DIRECTION('Axis2P3D Direction',(0.,0.,1.)) ;
#54=DIRECTION('Axis2P3D XDirection',(0.,1.,0.)) ;
#58=DIRECTION('Vector Direction',(0.,0.,1.)) ;
#67=DIRECTION('Axis2P3D Direction',(0.,0.,1.)) ;
#74=DIRECTION('Vector Direction',(0.,0.,1.)) ;
#81=DIRECTION('Axis2P3D Direction',(0.,0.,1.)) ;
#93=DIRECTION('Axis2P3D Direction',(0.,0.,1.)) ;
#98=DIRECTION('Axis2P3D Direction',(0.,0.,1.)) ;
#110=DIRECTION('Axis2P3D Direction',(0.,0.,1.)) ;
#111=DIRECTION('Axis2P3D XDirection',(0.,1.,0.)) ;
#115=DIRECTION('Vector Direction',(0.,0.,1.)) ;
#124=DIRECTION('Axis2P3D Direction',(0.,0.,1.)) ;
#131=DIRECTION('Vector Direction',(0.,0.,1.)) ;
#138=DIRECTION('Axis2P3D Direction',(0.,0.,1.)) ;
#150=DIRECTION('Axis2P3D Direction',(0.,0.,1.)) ;
#155=DIRECTION('Axis2P3D Direction',(0.,0.,1.)) ;
#167=DIRECTION('Axis2P3D Direction',(0.,-0.,1.)) ;
#168=DIRECTION('Axis2P3D XDirection',(1.,-1.83697019872E-016,-0.)) ;
#172=DIRECTION('Axis2P3D Direction',(0.,-0.,1.)) ;
#181=DIRECTION('Vector Direction',(0.,0.,1.)) ;
#188=DIRECTION('Axis2P3D Direction',(0.,-0.,1.)) ;
#195=DIRECTION('Vector Direction',(0.,0.,1.)) ;
#207=DIRECTION('Axis2P3D Direction',(0.,0.,1.)) ;
#208=DIRECTION('Axis2P3D XDirection',(1.83697019872E-016,1.,-0.)) ;
#212=DIRECTION('Axis2P3D Direction',(0.,0.,1.)) ;
#221=DIRECTION('Vector Direction',(0.,0.,1.)) ;
#228=DIRECTION('Axis2P3D Direction',(0.,0.,1.)) ;
#235=DIRECTION('Vector Direction',(0.,0.,1.)) ;
#247=DIRECTION('Axis2P3D Direction',(-1.,0.,0.)) ;
#248=DIRECTION('Axis2P3D XDirection',(-0.,-1.,-0.)) ;
#252=DIRECTION('Vector Direction',(0.,0.,1.)) ;
#261=DIRECTION('Vector Direction',(0.,-1.,0.)) ;
#266=DIRECTION('Vector Direction',(0.,-1.,0.)) ;
#278=DIRECTION('Axis2P3D Direction',(0.,0.,1.)) ;
#279=DIRECTION('Axis2P3D XDirection',(-1.83697019872E-016,-1.,-0.)) ;
#283=DIRECTION('Axis2P3D Direction',(0.,0.,1.)) ;
#290=DIRECTION('Vector Direction',(0.,0.,1.)) ;
#297=DIRECTION('Axis2P3D Direction',(0.,0.,1.)) ;
#309=DIRECTION('Axis2P3D Direction',(1.,0.,0.)) ;
#310=DIRECTION('Axis2P3D XDirection',(0.,1.,0.)) ;
#314=DIRECTION('Vector Direction',(0.,0.,1.)) ;
#323=DIRECTION('Vector Direction',(0.,1.,0.)) ;
#328=DIRECTION('Vector Direction',(0.,1.,0.)) ;
#340=DIRECTION('Axis2P3D Direction',(0.,0.,1.)) ;
#341=DIRECTION('Axis2P3D XDirection',(-1.,1.83697019872E-016,0.)) ;
#345=DIRECTION('Axis2P3D Direction',(0.,0.,1.)) ;
#352=DIRECTION('Axis2P3D Direction',(0.,0.,1.)) ;
#359=DIRECTION('Vector Direction',(0.,0.,1.)) ;
#371=DIRECTION('Axis2P3D Direction',(0.,-1.,0.)) ;
#372=DIRECTION('Axis2P3D XDirection',(1.,0.,0.)) ;
#376=DIRECTION('Vector Direction',(0.,0.,1.)) ;
#385=DIRECTION('Vector Direction',(1.,0.,0.)) ;
#390=DIRECTION('Vector Direction',(1.,0.,0.)) ;
#402=DIRECTION('Axis2P3D Direction',(0.,-0.,1.)) ;
#403=DIRECTION('Axis2P3D XDirection',(1.,-1.83697019872E-016,-0.)) ;
#407=DIRECTION('Axis2P3D Direction',(0.,-0.,1.)) ;
#414=DIRECTION('Vector Direction',(0.,0.,1.)) ;
#421=DIRECTION('Axis2P3D Direction',(0.,-0.,1.)) ;
#433=DIRECTION('Axis2P3D Direction',(-1.,0.,0.)) ;
#434=DIRECTION('Axis2P3D XDirection',(-0.,-1.,-0.)) ;
#438=DIRECTION('Vector Direction',(0.,0.,1.)) ;
#447=DIRECTION('Vector Direction',(0.,-1.,0.)) ;
#452=DIRECTION('Vector Direction',(0.,-1.,0.)) ;
#464=DIRECTION('Axis2P3D Direction',(0.,0.,1.)) ;
#465=DIRECTION('Axis2P3D XDirection',(-1.83697019872E-016,-1.,-0.)) ;
#469=DIRECTION('Axis2P3D Direction',(0.,0.,1.)) ;
#476=DIRECTION('Vector Direction',(0.,0.,1.)) ;
#483=DIRECTION('Axis2P3D Direction',(0.,0.,1.)) ;
#495=DIRECTION('Axis2P3D Direction',(0.,-0.,1.)) ;
#496=DIRECTION('Axis2P3D XDirection',(1.,-1.83697019872E-016,-0.)) ;
#500=DIRECTION('Axis2P3D Direction',(0.,-0.,1.)) ;
#509=DIRECTION('Vector Direction',(0.,0.,1.)) ;
#516=DIRECTION('Axis2P3D Direction',(0.,-0.,1.)) ;
#523=DIRECTION('Vector Direction',(0.,0.,1.)) ;
#535=DIRECTION('Axis2P3D Direction',(0.,1.,-0.)) ;
#536=DIRECTION('Axis2P3D XDirection',(-1.,0.,0.)) ;
#540=DIRECTION('Vector Direction',(0.,0.,1.)) ;
#549=DIRECTION('Vector Direction',(-1.,0.,0.)) ;
#554=DIRECTION('Vector Direction',(-1.,0.,0.)) ;
#566=DIRECTION('Vector Direction',(0.,0.,1.)) ;
#575=DIRECTION('Vector Direction',(0.,-1.,0.)) ;
#580=DIRECTION('Vector Direction',(0.,-1.,0.)) ;
#592=DIRECTION('Axis2P3D Direction',(0.,0.,1.)) ;
#593=DIRECTION('Axis2P3D XDirection',(-1.83697019872E-016,-1.,-0.)) ;
#597=DIRECTION('Axis2P3D Direction',(0.,0.,1.)) ;
#602=DIRECTION('Axis2P3D Direction',(0.,0.,1.)) ;
#614=DIRECTION('Vector Direction',(0.,0.,1.)) ;
#623=DIRECTION('Vector Direction',(1.,0.,0.)) ;
#628=DIRECTION('Vector Direction',(1.,0.,0.)) ;
#640=DIRECTION('Axis2P3D Direction',(0.,0.,1.)) ;
#641=DIRECTION('Axis2P3D XDirection',(1.83697019872E-016,1.,-0.)) ;
#645=DIRECTION('Axis2P3D Direction',(0.,0.,1.)) ;
#652=DIRECTION('Axis2P3D Direction',(0.,0.,1.)) ;
#659=DIRECTION('Vector Direction',(0.,0.,1.)) ;
#671=DIRECTION('Axis2P3D Direction',(-1.,0.,0.)) ;
#672=DIRECTION('Axis2P3D XDirection',(-0.,-1.,-0.)) ;
#676=DIRECTION('Vector Direction',(0.,-1.,0.)) ;
#683=DIRECTION('Vector Direction',(0.,-1.,0.)) ;
#690=DIRECTION('Vector Direction',(0.,0.,1.)) ;
#702=DIRECTION('Axis2P3D Direction',(0.,0.,1.)) ;
#703=DIRECTION('Axis2P3D XDirection',(-1.,1.83697019872E-016,0.)) ;
#707=DIRECTION('Axis2P3D Direction',(0.,0.,1.)) ;
#714=DIRECTION('Axis2P3D Direction',(0.,0.,1.)) ;
#721=DIRECTION('Vector Direction',(0.,0.,1.)) ;
#733=DIRECTION('Axis2P3D Direction',(0.,0.,1.)) ;
#734=DIRECTION('Axis2P3D XDirection',(1.83697019872E-016,1.,-0.)) ;
#738=DIRECTION('Axis2P3D Direction',(0.,0.,1.)) ;
#747=DIRECTION('Vector Direction',(0.,0.,1.)) ;
#754=DIRECTION('Axis2P3D Direction',(0.,0.,1.)) ;
#761=DIRECTION('Vector Direction',(0.,0.,1.)) ;
#773=DIRECTION('Vector Direction',(0.,0.,1.)) ;
#782=DIRECTION('Vector Direction',(-1.,0.,0.)) ;
#787=DIRECTION('Vector Direction',(-1.,0.,0.)) ;
#799=DIRECTION('Vector Direction',(0.,-1.,0.)) ;
#806=DIRECTION('Vector Direction',(0.,-1.,0.)) ;
#813=DIRECTION('Vector Direction',(0.,0.,1.)) ;
#825=DIRECTION('Axis2P3D Direction',(0.,0.,1.)) ;
#826=DIRECTION('Axis2P3D XDirection',(-1.,1.83697019872E-016,0.)) ;
#830=DIRECTION('Axis2P3D Direction',(0.,0.,1.)) ;
#835=DIRECTION('Axis2P3D Direction',(0.,0.,1.)) ;
#847=DIRECTION('Axis2P3D Direction',(0.,1.,-0.)) ;
#848=DIRECTION('Axis2P3D XDirection',(-1.,0.,0.)) ;
#852=DIRECTION('Vector Direction',(-1.,0.,0.)) ;
#859=DIRECTION('Vector Direction',(-1.,0.,0.)) ;
#866=DIRECTION('Vector Direction',(0.,0.,1.)) ;
#878=DIRECTION('Axis2P3D Direction',(0.,0.,1.)) ;
#879=DIRECTION('Axis2P3D XDirection',(0.,-1.,0.)) ;
#883=DIRECTION('Axis2P3D Direction',(0.,0.,1.)) ;
#890=DIRECTION('Vector Direction',(0.,0.,1.)) ;
#897=DIRECTION('Axis2P3D Direction',(0.,0.,1.)) ;
#909=DIRECTION('Vector Direction',(-1.,0.,0.)) ;
#916=DIRECTION('Vector Direction',(-1.,0.,0.)) ;
#923=DIRECTION('Vector Direction',(0.,0.,1.)) ;
#935=DIRECTION('Axis2P3D Direction',(0.,0.,1.)) ;
#936=DIRECTION('Axis2P3D XDirection',(-1.,0.,0.)) ;
#940=DIRECTION('Vector Direction',(0.,0.,1.)) ;
#949=DIRECTION('Axis2P3D Direction',(0.,0.,1.)) ;
#954=DIRECTION('Axis2P3D Direction',(0.,0.,1.)) ;
#966=DIRECTION('Axis2P3D Direction',(0.,-1.,0.)) ;
#967=DIRECTION('Axis2P3D XDirection',(1.,0.,0.)) ;
#971=DIRECTION('Vector Direction',(1.,0.,0.)) ;
#978=DIRECTION('Vector Direction',(1.,0.,0.)) ;
#985=DIRECTION('Vector Direction',(0.,0.,1.)) ;
#997=DIRECTION('Axis2P3D Direction',(-1.,0.,0.)) ;
#998=DIRECTION('Axis2P3D XDirection',(-0.,-1.,-0.)) ;
#1002=DIRECTION('Vector Direction',(0.,-1.,0.)) ;
#1009=DIRECTION('Vector Direction',(0.,-1.,0.)) ;
#1016=DIRECTION('Vector Direction',(0.,0.,1.)) ;
#1028=DIRECTION('Axis2P3D Direction',(0.,0.,1.)) ;
#1029=DIRECTION('Axis2P3D XDirection',(1.,0.,0.)) ;
#1033=DIRECTION('Axis2P3D Direction',(0.,0.,1.)) ;
#1038=DIRECTION('Axis2P3D Direction',(0.,0.,1.)) ;
#1050=DIRECTION('Vector Direction',(1.,0.,0.)) ;
#1057=DIRECTION('Vector Direction',(1.,0.,0.)) ;
#1064=DIRECTION('Vector Direction',(0.,0.,1.)) ;
#1076=DIRECTION('Axis2P3D Direction',(1.,0.,0.)) ;
#1077=DIRECTION('Axis2P3D XDirection',(0.,1.,0.)) ;
#1081=DIRECTION('Vector Direction',(0.,1.,0.)) ;
#1088=DIRECTION('Vector Direction',(0.,1.,0.)) ;
#1095=DIRECTION('Vector Direction',(0.,0.,1.)) ;
#1107=DIRECTION('Axis2P3D Direction',(0.,-0.,1.)) ;
#1108=DIRECTION('Axis2P3D XDirection',(0.,1.,0.)) ;
#1112=DIRECTION('Axis2P3D Direction',(0.,-0.,1.)) ;
#1117=DIRECTION('Axis2P3D Direction',(0.,-0.,1.)) ;
#1129=DIRECTION('Axis2P3D Direction',(0.,0.,1.)) ;
#1130=DIRECTION('Axis2P3D XDirection',(0.,1.,0.)) ;
#1152=DIRECTION('Axis2P3D Direction',(0.,0.,1.)) ;
#1161=DIRECTION('Axis2P3D Direction',(0.,0.,1.)) ;
#1170=DIRECTION('Axis2P3D Direction',(0.,0.,1.)) ;
#1179=DIRECTION('Axis2P3D Direction',(0.,0.,1.)) ;
#1207=DIRECTION('Axis2P3D Direction',(0.,0.,1.)) ;
#1216=DIRECTION('Axis2P3D Direction',(0.,0.,1.)) ;
#1225=DIRECTION('Axis2P3D Direction',(0.,0.,1.)) ;
#1234=DIRECTION('Axis2P3D Direction',(0.,0.,1.)) ;
#1244=DIRECTION('Axis2P3D Direction',(0.,0.,1.)) ;
#1245=DIRECTION('Axis2P3D XDirection',(-1.,1.22464679915E-016,0.)) ;
#1249=DIRECTION('Vector Direction',(0.,0.,1.)) ;
#1256=DIRECTION('Vector Direction',(0.,0.,1.)) ;
#1263=DIRECTION('Axis2P3D Direction',(0.,0.,1.)) ;
#1275=DIRECTION('Axis2P3D Direction',(0.,0.,1.)) ;
#1287=DIRECTION('Axis2P3D Direction',(0.,0.,1.)) ;
#1288=DIRECTION('Axis2P3D XDirection',(1.,0.,0.)) ;
#1297=DIRECTION('Axis2P3D Direction',(0.,0.,1.)) ;
#1298=DIRECTION('Axis2P3D XDirection',(1.,0.,0.)) ;
#1302=DIRECTION('Vector Direction',(0.,0.,1.)) ;
#1309=DIRECTION('Vector Direction',(0.,0.,1.)) ;
#1316=DIRECTION('Axis2P3D Direction',(0.,0.,1.)) ;
#1328=DIRECTION('Axis2P3D Direction',(0.,0.,1.)) ;
#1345=DIRECTION('Axis2P3D Direction',(0.,0.,1.)) ;
#1346=DIRECTION('Axis2P3D XDirection',(-1.,1.22464679915E-016,0.)) ;
#1350=DIRECTION('Vector Direction',(0.,0.,1.)) ;
#1357=DIRECTION('Vector Direction',(0.,0.,1.)) ;
#1364=DIRECTION('Axis2P3D Direction',(0.,0.,1.)) ;
#1376=DIRECTION('Axis2P3D Direction',(0.,0.,1.)) ;
#1393=DIRECTION('Axis2P3D Direction',(0.,0.,1.)) ;
#1394=DIRECTION('Axis2P3D XDirection',(1.,0.,0.)) ;
#1398=DIRECTION('Vector Direction',(0.,0.,1.)) ;
#1405=DIRECTION('Vector Direction',(0.,0.,1.)) ;
#1412=DIRECTION('Axis2P3D Direction',(0.,0.,1.)) ;
#1424=DIRECTION('Axis2P3D Direction',(0.,0.,1.)) ;
#1441=DIRECTION('Axis2P3D Direction',(0.,0.,-1.)) ;
#1442=DIRECTION('Axis2P3D XDirection',(1.59265981953E-015,1.,0.)) ;
#1446=DIRECTION('Axis2P3D Direction',(0.,0.,-1.)) ;
#1455=DIRECTION('Vector Direction',(0.,0.,-1.)) ;
#1462=DIRECTION('Axis2P3D Direction',(0.,0.,-1.)) ;
#1469=DIRECTION('Vector Direction',(0.,0.,-1.)) ;
#1481=DIRECTION('Axis2P3D Direction',(0.,0.,-1.)) ;
#1482=DIRECTION('Axis2P3D XDirection',(-1.83697019872E-016,1.,-0.)) ;
#1486=DIRECTION('Axis2P3D Direction',(0.,0.,-1.)) ;
#1495=DIRECTION('Vector Direction',(0.,0.,-1.)) ;
#1502=DIRECTION('Axis2P3D Direction',(0.,0.,-1.)) ;
#1509=DIRECTION('Vector Direction',(0.,0.,-1.)) ;
#1521=DIRECTION('Axis2P3D Direction',(-0.,1.,0.)) ;
#1522=DIRECTION('Axis2P3D XDirection',(1.,0.,0.)) ;
#1526=DIRECTION('Vector Direction',(1.,0.,0.)) ;
#1533=DIRECTION('Vector Direction',(1.,0.,0.)) ;
#1540=DIRECTION('Vector Direction',(0.,0.,-1.)) ;
#1552=DIRECTION('Axis2P3D Direction',(0.,0.,-1.)) ;
#1553=DIRECTION('Axis2P3D XDirection',(-1.,-1.83697019872E-016,-0.)) ;
#1557=DIRECTION('Axis2P3D Direction',(0.,0.,-1.)) ;
#1564=DIRECTION('Vector Direction',(0.,0.,-1.)) ;
#1571=DIRECTION('Axis2P3D Direction',(0.,0.,-1.)) ;
#1583=DIRECTION('Axis2P3D Direction',(0.,0.,-1.)) ;
#1584=DIRECTION('Axis2P3D XDirection',(-1.,-1.83697019872E-016,-0.)) ;
#1588=DIRECTION('Axis2P3D Direction',(0.,0.,-1.)) ;
#1597=DIRECTION('Vector Direction',(0.,0.,-1.)) ;
#1604=DIRECTION('Axis2P3D Direction',(0.,0.,-1.)) ;
#1611=DIRECTION('Vector Direction',(0.,0.,-1.)) ;
#1623=DIRECTION('Axis2P3D Direction',(-0.,1.,0.)) ;
#1624=DIRECTION('Axis2P3D XDirection',(1.,0.,0.)) ;
#1628=DIRECTION('Vector Direction',(1.,0.,0.)) ;
#1635=DIRECTION('Vector Direction',(-1.,0.,0.)) ;
#1642=DIRECTION('Vector Direction',(0.,0.,-1.)) ;
#1654=DIRECTION('Axis2P3D Direction',(1.,0.,0.)) ;
#1655=DIRECTION('Axis2P3D XDirection',(0.,-1.,0.)) ;
#1659=DIRECTION('Vector Direction',(0.,-1.,0.)) ;
#1666=DIRECTION('Vector Direction',(0.,-1.,0.)) ;
#1673=DIRECTION('Vector Direction',(0.,0.,-1.)) ;
#1685=DIRECTION('Axis2P3D Direction',(0.,0.,-1.)) ;
#1686=DIRECTION('Axis2P3D XDirection',(0.,-1.,0.)) ;
#1690=DIRECTION('Axis2P3D Direction',(0.,0.,-1.)) ;
#1695=DIRECTION('Axis2P3D Direction',(0.,0.,-1.)) ;
#1707=DIRECTION('Axis2P3D Direction',(-1.,0.,0.)) ;
#1708=DIRECTION('Axis2P3D XDirection',(0.,1.,0.)) ;
#1712=DIRECTION('Vector Direction',(0.,1.,0.)) ;
#1719=DIRECTION('Vector Direction',(0.,1.,0.)) ;
#1726=DIRECTION('Vector Direction',(0.,0.,-1.)) ;
#1738=DIRECTION('Axis2P3D Direction',(0.,0.,-1.)) ;
#1739=DIRECTION('Axis2P3D XDirection',(1.83697019872E-016,-1.,-0.)) ;
#1743=DIRECTION('Axis2P3D Direction',(0.,0.,-1.)) ;
#1750=DIRECTION('Vector Direction',(0.,0.,-1.)) ;
#1757=DIRECTION('Axis2P3D Direction',(0.,0.,-1.)) ;
#1769=DIRECTION('Axis2P3D Direction',(-0.,1.,0.)) ;
#1770=DIRECTION('Axis2P3D XDirection',(1.,0.,0.)) ;
#1774=DIRECTION('Vector Direction',(0.,0.,-1.)) ;
#1783=DIRECTION('Vector Direction',(1.,0.,0.)) ;
#1788=DIRECTION('Vector Direction',(1.,0.,0.)) ;
#1800=DIRECTION('Axis2P3D Direction',(0.,0.,-1.)) ;
#1801=DIRECTION('Axis2P3D XDirection',(0.,1.,0.)) ;
#1805=DIRECTION('Axis2P3D Direction',(0.,0.,-1.)) ;
#1812=DIRECTION('Vector Direction',(0.,0.,-1.)) ;
#1819=DIRECTION('Axis2P3D Direction',(0.,0.,-1.)) ;
#1831=DIRECTION('Axis2P3D Direction',(-1.,0.,0.)) ;
#1832=DIRECTION('Axis2P3D XDirection',(0.,1.,0.)) ;
#1836=DIRECTION('Vector Direction',(0.,-1.,0.)) ;
#1843=DIRECTION('Vector Direction',(0.,1.,0.)) ;
#1850=DIRECTION('Vector Direction',(0.,0.,-1.)) ;
#1862=DIRECTION('Axis2P3D Direction',(0.,0.,-1.)) ;
#1863=DIRECTION('Axis2P3D XDirection',(1.83697019872E-016,-1.,-0.)) ;
#1867=DIRECTION('Axis2P3D Direction',(0.,0.,-1.)) ;
#1874=DIRECTION('Vector Direction',(0.,0.,-1.)) ;
#1881=DIRECTION('Axis2P3D Direction',(0.,0.,-1.)) ;
#1893=DIRECTION('Axis2P3D Direction',(-0.,1.,0.)) ;
#1894=DIRECTION('Axis2P3D XDirection',(1.,0.,0.)) ;
#1898=DIRECTION('Vector Direction',(0.,0.,-1.)) ;
#1907=DIRECTION('Vector Direction',(1.,0.,0.)) ;
#1912=DIRECTION('Vector Direction',(1.,0.,0.)) ;
#1924=DIRECTION('Axis2P3D Direction',(0.,0.,-1.)) ;
#1925=DIRECTION('Axis2P3D XDirection',(1.,-1.59265981953E-015,0.)) ;
#1929=DIRECTION('Axis2P3D Direction',(0.,0.,-1.)) ;
#1936=DIRECTION('Vector Direction',(0.,0.,-1.)) ;
#1943=DIRECTION('Axis2P3D Direction',(0.,0.,-1.)) ;
#1955=DIRECTION('Axis2P3D Direction',(1.,-0.,0.)) ;
#1956=DIRECTION('Axis2P3D XDirection',(-0.,-1.,-0.)) ;
#1960=DIRECTION('Vector Direction',(0.,-1.,0.)) ;
#1967=DIRECTION('Vector Direction',(0.,-1.,0.)) ;
#1974=DIRECTION('Vector Direction',(0.,0.,-1.)) ;
#1986=DIRECTION('Axis2P3D Direction',(0.,0.,-1.)) ;
#1987=DIRECTION('Axis2P3D XDirection',(1.,1.83697019872E-016,0.)) ;
#1991=DIRECTION('Axis2P3D Direction',(0.,0.,-1.)) ;
#1998=DIRECTION('Axis2P3D Direction',(0.,0.,-1.)) ;
#2005=DIRECTION('Vector Direction',(0.,0.,-1.)) ;
#2017=DIRECTION('Vector Direction',(0.,1.,0.)) ;
#2024=DIRECTION('Vector Direction',(0.,-1.,0.)) ;
#2031=DIRECTION('Vector Direction',(0.,0.,-1.)) ;
#2043=DIRECTION('Vector Direction',(0.,0.,-1.)) ;
#2052=DIRECTION('Vector Direction',(-1.,0.,0.)) ;
#2057=DIRECTION('Vector Direction',(1.,0.,0.)) ;
#2069=DIRECTION('Axis2P3D Direction',(0.,0.,-1.)) ;
#2070=DIRECTION('Axis2P3D XDirection',(-1.,0.,0.)) ;
#2074=DIRECTION('Axis2P3D Direction',(0.,0.,-1.)) ;
#2079=DIRECTION('Axis2P3D Direction',(0.,0.,-1.)) ;
#2091=DIRECTION('Vector Direction',(0.,1.,0.)) ;
#2098=DIRECTION('Vector Direction',(0.,1.,0.)) ;
#2105=DIRECTION('Vector Direction',(0.,0.,-1.)) ;
#2117=DIRECTION('Vector Direction',(1.,0.,0.)) ;
#2124=DIRECTION('Vector Direction',(1.,0.,0.)) ;
#2131=DIRECTION('Vector Direction',(0.,0.,-1.)) ;
#2143=DIRECTION('Axis2P3D Direction',(0.,0.,-1.)) ;
#2144=DIRECTION('Axis2P3D XDirection',(1.,0.,0.)) ;
#2148=DIRECTION('Axis2P3D Direction',(0.,0.,-1.)) ;
#2153=DIRECTION('Axis2P3D Direction',(0.,0.,-1.)) ;
#2165=DIRECTION('Axis2P3D Direction',(0.,0.,-1.)) ;
#2166=DIRECTION('Axis2P3D XDirection',(0.,1.,0.)) ;
#2170=DIRECTION('Vector Direction',(0.,0.,-1.)) ;
#2179=DIRECTION('Axis2P3D Direction',(0.,0.,-1.)) ;
#2186=DIRECTION('Vector Direction',(0.,0.,-1.)) ;
#2193=DIRECTION('Axis2P3D Direction',(0.,0.,-1.)) ;
#2205=DIRECTION('Axis2P3D Direction',(1.,0.,0.)) ;
#2206=DIRECTION('Axis2P3D XDirection',(0.,-1.,0.)) ;
#2210=DIRECTION('Vector Direction',(0.,0.,-1.)) ;
#2219=DIRECTION('Vector Direction',(0.,-1.,0.)) ;
#2224=DIRECTION('Vector Direction',(0.,-1.,0.)) ;
#2236=DIRECTION('Axis2P3D Direction',(0.,0.,-1.)) ;
#2237=DIRECTION('Axis2P3D XDirection',(1.,0.,0.)) ;
#2241=DIRECTION('Axis2P3D Direction',(0.,0.,-1.)) ;
#2248=DIRECTION('Vector Direction',(0.,0.,-1.)) ;
#2255=DIRECTION('Axis2P3D Direction',(0.,0.,-1.)) ;
#2267=DIRECTION('Axis2P3D Direction',(-0.,1.,0.)) ;
#2268=DIRECTION('Axis2P3D XDirection',(1.,0.,0.)) ;
#2272=DIRECTION('Vector Direction',(0.,0.,-1.)) ;
#2281=DIRECTION('Vector Direction',(1.,0.,0.)) ;
#2286=DIRECTION('Vector Direction',(1.,0.,0.)) ;
#2298=DIRECTION('Axis2P3D Direction',(0.,0.,-1.)) ;
#2299=DIRECTION('Axis2P3D XDirection',(-1.,0.,0.)) ;
#2303=DIRECTION('Vector Direction',(0.,0.,-1.)) ;
#2312=DIRECTION('Axis2P3D Direction',(0.,0.,-1.)) ;
#2317=DIRECTION('Axis2P3D Direction',(0.,0.,-1.)) ;
#2329=DIRECTION('Axis2P3D Direction',(0.,0.,1.)) ;
#2330=DIRECTION('Axis2P3D XDirection',(0.,1.,0.)) ;
#2360=DIRECTION('Vector Direction',(-1.,0.,0.)) ;
#2367=DIRECTION('Vector Direction',(0.,1.,0.)) ;
#2374=DIRECTION('Axis2P3D Direction',(0.,0.,1.)) ;
#2398=DIRECTION('Axis2P3D Direction',(0.,0.,1.)) ;
#2399=DIRECTION('Axis2P3D XDirection',(0.,1.,0.)) ;
#2429=DIRECTION('Axis2P3D Direction',(0.,0.,1.)) ;
#2438=DIRECTION('Vector Direction',(0.,1.,0.)) ;
#2443=DIRECTION('Vector Direction',(-1.,0.,0.)) ;
#2503=DIRECTION('Axis2P3D Direction',(-0.,-1.,-0.)) ;
#2504=DIRECTION('Axis2P3D XDirection',(-1.,0.,0.)) ;
#2508=DIRECTION('Vector Direction',(0.,0.,-1.)) ;
#2520=DIRECTION('Axis2P3D Direction',(-1.,0.,0.)) ;
#2521=DIRECTION('Axis2P3D XDirection',(0.,1.,0.)) ;
#2525=DIRECTION('Vector Direction',(0.,0.,-1.)) ;
#2537=DIRECTION('Axis2P3D Direction',(0.,0.,-1.)) ;
#2538=DIRECTION('Axis2P3D XDirection',(0.,-1.,0.)) ;
#48=AXIS2_PLACEMENT_3D(' ',#47,$,$) ;
#55=AXIS2_PLACEMENT_3D('Cylinder Axis2P3D',#52,#53,#54) ;
#68=AXIS2_PLACEMENT_3D('Circle Axis2P3D',#66,#67,$) ;
#82=AXIS2_PLACEMENT_3D('Circle Axis2P3D',#80,#81,$) ;
#94=AXIS2_PLACEMENT_3D('Circle Axis2P3D',#92,#93,$) ;
#99=AXIS2_PLACEMENT_3D('Circle Axis2P3D',#97,#98,$) ;
#112=AXIS2_PLACEMENT_3D('Cylinder Axis2P3D',#109,#110,#111) ;
#125=AXIS2_PLACEMENT_3D('Circle Axis2P3D',#123,#124,$) ;
#139=AXIS2_PLACEMENT_3D('Circle Axis2P3D',#137,#138,$) ;
#151=AXIS2_PLACEMENT_3D('Circle Axis2P3D',#149,#150,$) ;
#156=AXIS2_PLACEMENT_3D('Circle Axis2P3D',#154,#155,$) ;
#169=AXIS2_PLACEMENT_3D('Cylinder Axis2P3D',#166,#167,#168) ;
#173=AXIS2_PLACEMENT_3D('Circle Axis2P3D',#171,#172,$) ;
#189=AXIS2_PLACEMENT_3D('Circle Axis2P3D',#187,#188,$) ;
#209=AXIS2_PLACEMENT_3D('Cylinder Axis2P3D',#206,#207,#208) ;
#213=AXIS2_PLACEMENT_3D('Circle Axis2P3D',#211,#212,$) ;
#229=AXIS2_PLACEMENT_3D('Circle Axis2P3D',#227,#228,$) ;
#249=AXIS2_PLACEMENT_3D('Plane Axis2P3D',#246,#247,#248) ;
#280=AXIS2_PLACEMENT_3D('Cylinder Axis2P3D',#277,#278,#279) ;
#284=AXIS2_PLACEMENT_3D('Circle Axis2P3D',#282,#283,$) ;
#298=AXIS2_PLACEMENT_3D('Circle Axis2P3D',#296,#297,$) ;
#311=AXIS2_PLACEMENT_3D('Plane Axis2P3D',#308,#309,#310) ;
#342=AXIS2_PLACEMENT_3D('Cylinder Axis2P3D',#339,#340,#341) ;
#346=AXIS2_PLACEMENT_3D('Circle Axis2P3D',#344,#345,$) ;
#353=AXIS2_PLACEMENT_3D('Circle Axis2P3D',#351,#352,$) ;
#373=AXIS2_PLACEMENT_3D('Plane Axis2P3D',#370,#371,#372) ;
#404=AXIS2_PLACEMENT_3D('Cylinder Axis2P3D',#401,#402,#403) ;
#408=AXIS2_PLACEMENT_3D('Circle Axis2P3D',#406,#407,$) ;
#422=AXIS2_PLACEMENT_3D('Circle Axis2P3D',#420,#421,$) ;
#435=AXIS2_PLACEMENT_3D('Plane Axis2P3D',#432,#433,#434) ;
#466=AXIS2_PLACEMENT_3D('Cylinder Axis2P3D',#463,#464,#465) ;
#470=AXIS2_PLACEMENT_3D('Circle Axis2P3D',#468,#469,$) ;
#484=AXIS2_PLACEMENT_3D('Circle Axis2P3D',#482,#483,$) ;
#497=AXIS2_PLACEMENT_3D('Cylinder Axis2P3D',#494,#495,#496) ;
#501=AXIS2_PLACEMENT_3D('Circle Axis2P3D',#499,#500,$) ;
#517=AXIS2_PLACEMENT_3D('Circle Axis2P3D',#515,#516,$) ;
#537=AXIS2_PLACEMENT_3D('Plane Axis2P3D',#534,#535,#536) ;
#594=AXIS2_PLACEMENT_3D('Cylinder Axis2P3D',#591,#592,#593) ;
#598=AXIS2_PLACEMENT_3D('Circle Axis2P3D',#596,#597,$) ;
#603=AXIS2_PLACEMENT_3D('Circle Axis2P3D',#601,#602,$) ;
#642=AXIS2_PLACEMENT_3D('Cylinder Axis2P3D',#639,#640,#641) ;
#646=AXIS2_PLACEMENT_3D('Circle Axis2P3D',#644,#645,$) ;
#653=AXIS2_PLACEMENT_3D('Circle Axis2P3D',#651,#652,$) ;
#673=AXIS2_PLACEMENT_3D('Plane Axis2P3D',#670,#671,#672) ;
#704=AXIS2_PLACEMENT_3D('Cylinder Axis2P3D',#701,#702,#703) ;
#708=AXIS2_PLACEMENT_3D('Circle Axis2P3D',#706,#707,$) ;
#715=AXIS2_PLACEMENT_3D('Circle Axis2P3D',#713,#714,$) ;
#735=AXIS2_PLACEMENT_3D('Cylinder Axis2P3D',#732,#733,#734) ;
#739=AXIS2_PLACEMENT_3D('Circle Axis2P3D',#737,#738,$) ;
#755=AXIS2_PLACEMENT_3D('Circle Axis2P3D',#753,#754,$) ;
#827=AXIS2_PLACEMENT_3D('Cylinder Axis2P3D',#824,#825,#826) ;
#831=AXIS2_PLACEMENT_3D('Circle Axis2P3D',#829,#830,$) ;
#836=AXIS2_PLACEMENT_3D('Circle Axis2P3D',#834,#835,$) ;
#849=AXIS2_PLACEMENT_3D('Plane Axis2P3D',#846,#847,#848) ;
#880=AXIS2_PLACEMENT_3D('Cylinder Axis2P3D',#877,#878,#879) ;
#884=AXIS2_PLACEMENT_3D('Circle Axis2P3D',#882,#883,$) ;
#898=AXIS2_PLACEMENT_3D('Circle Axis2P3D',#896,#897,$) ;
#937=AXIS2_PLACEMENT_3D('Cylinder Axis2P3D',#934,#935,#936) ;
#950=AXIS2_PLACEMENT_3D('Circle Axis2P3D',#948,#949,$) ;
#955=AXIS2_PLACEMENT_3D('Circle Axis2P3D',#953,#954,$) ;
#968=AXIS2_PLACEMENT_3D('Plane Axis2P3D',#965,#966,#967) ;
#999=AXIS2_PLACEMENT_3D('Plane Axis2P3D',#996,#997,#998) ;
#1030=AXIS2_PLACEMENT_3D('Cylinder Axis2P3D',#1027,#1028,#1029) ;
#1034=AXIS2_PLACEMENT_3D('Circle Axis2P3D',#1032,#1033,$) ;
#1039=AXIS2_PLACEMENT_3D('Circle Axis2P3D',#1037,#1038,$) ;
#1078=AXIS2_PLACEMENT_3D('Plane Axis2P3D',#1075,#1076,#1077) ;
#1109=AXIS2_PLACEMENT_3D('Cylinder Axis2P3D',#1106,#1107,#1108) ;
#1113=AXIS2_PLACEMENT_3D('Circle Axis2P3D',#1111,#1112,$) ;
#1118=AXIS2_PLACEMENT_3D('Circle Axis2P3D',#1116,#1117,$) ;
#1131=AXIS2_PLACEMENT_3D('Plane Axis2P3D',#1128,#1129,#1130) ;
#1153=AXIS2_PLACEMENT_3D('Circle Axis2P3D',#1151,#1152,$) ;
#1162=AXIS2_PLACEMENT_3D('Circle Axis2P3D',#1160,#1161,$) ;
#1171=AXIS2_PLACEMENT_3D('Circle Axis2P3D',#1169,#1170,$) ;
#1180=AXIS2_PLACEMENT_3D('Circle Axis2P3D',#1178,#1179,$) ;
#1208=AXIS2_PLACEMENT_3D('Circle Axis2P3D',#1206,#1207,$) ;
#1217=AXIS2_PLACEMENT_3D('Circle Axis2P3D',#1215,#1216,$) ;
#1226=AXIS2_PLACEMENT_3D('Circle Axis2P3D',#1224,#1225,$) ;
#1235=AXIS2_PLACEMENT_3D('Circle Axis2P3D',#1233,#1234,$) ;
#1246=AXIS2_PLACEMENT_3D('Cylinder Axis2P3D',#1243,#1244,#1245) ;
#1264=AXIS2_PLACEMENT_3D('Circle Axis2P3D',#1262,#1263,$) ;
#1276=AXIS2_PLACEMENT_3D('Circle Axis2P3D',#1274,#1275,$) ;
#1289=AXIS2_PLACEMENT_3D('Plane Axis2P3D',#1286,#1287,#1288) ;
#1299=AXIS2_PLACEMENT_3D('Cylinder Axis2P3D',#1296,#1297,#1298) ;
#1317=AXIS2_PLACEMENT_3D('Circle Axis2P3D',#1315,#1316,$) ;
#1329=AXIS2_PLACEMENT_3D('Circle Axis2P3D',#1327,#1328,$) ;
#1347=AXIS2_PLACEMENT_3D('Cylinder Axis2P3D',#1344,#1345,#1346) ;
#1365=AXIS2_PLACEMENT_3D('Circle Axis2P3D',#1363,#1364,$) ;
#1377=AXIS2_PLACEMENT_3D('Circle Axis2P3D',#1375,#1376,$) ;
#1395=AXIS2_PLACEMENT_3D('Cylinder Axis2P3D',#1392,#1393,#1394) ;
#1413=AXIS2_PLACEMENT_3D('Circle Axis2P3D',#1411,#1412,$) ;
#1425=AXIS2_PLACEMENT_3D('Circle Axis2P3D',#1423,#1424,$) ;
#1443=AXIS2_PLACEMENT_3D('Cylinder Axis2P3D',#1440,#1441,#1442) ;
#1447=AXIS2_PLACEMENT_3D('Circle Axis2P3D',#1445,#1446,$) ;
#1463=AXIS2_PLACEMENT_3D('Circle Axis2P3D',#1461,#1462,$) ;
#1483=AXIS2_PLACEMENT_3D('Cylinder Axis2P3D',#1480,#1481,#1482) ;
#1487=AXIS2_PLACEMENT_3D('Circle Axis2P3D',#1485,#1486,$) ;
#1503=AXIS2_PLACEMENT_3D('Circle Axis2P3D',#1501,#1502,$) ;
#1523=AXIS2_PLACEMENT_3D('Plane Axis2P3D',#1520,#1521,#1522) ;
#1554=AXIS2_PLACEMENT_3D('Cylinder Axis2P3D',#1551,#1552,#1553) ;
#1558=AXIS2_PLACEMENT_3D('Circle Axis2P3D',#1556,#1557,$) ;
#1572=AXIS2_PLACEMENT_3D('Circle Axis2P3D',#1570,#1571,$) ;
#1585=AXIS2_PLACEMENT_3D('Cylinder Axis2P3D',#1582,#1583,#1584) ;
#1589=AXIS2_PLACEMENT_3D('Circle Axis2P3D',#1587,#1588,$) ;
#1605=AXIS2_PLACEMENT_3D('Circle Axis2P3D',#1603,#1604,$) ;
#1625=AXIS2_PLACEMENT_3D('Plane Axis2P3D',#1622,#1623,#1624) ;
#1656=AXIS2_PLACEMENT_3D('Plane Axis2P3D',#1653,#1654,#1655) ;
#1687=AXIS2_PLACEMENT_3D('Cylinder Axis2P3D',#1684,#1685,#1686) ;
#1691=AXIS2_PLACEMENT_3D('Circle Axis2P3D',#1689,#1690,$) ;
#1696=AXIS2_PLACEMENT_3D('Circle Axis2P3D',#1694,#1695,$) ;
#1709=AXIS2_PLACEMENT_3D('Plane Axis2P3D',#1706,#1707,#1708) ;
#1740=AXIS2_PLACEMENT_3D('Cylinder Axis2P3D',#1737,#1738,#1739) ;
#1744=AXIS2_PLACEMENT_3D('Circle Axis2P3D',#1742,#1743,$) ;
#1758=AXIS2_PLACEMENT_3D('Circle Axis2P3D',#1756,#1757,$) ;
#1771=AXIS2_PLACEMENT_3D('Plane Axis2P3D',#1768,#1769,#1770) ;
#1802=AXIS2_PLACEMENT_3D('Cylinder Axis2P3D',#1799,#1800,#1801) ;
#1806=AXIS2_PLACEMENT_3D('Circle Axis2P3D',#1804,#1805,$) ;
#1820=AXIS2_PLACEMENT_3D('Circle Axis2P3D',#1818,#1819,$) ;
#1833=AXIS2_PLACEMENT_3D('Plane Axis2P3D',#1830,#1831,#1832) ;
#1864=AXIS2_PLACEMENT_3D('Cylinder Axis2P3D',#1861,#1862,#1863) ;
#1868=AXIS2_PLACEMENT_3D('Circle Axis2P3D',#1866,#1867,$) ;
#1882=AXIS2_PLACEMENT_3D('Circle Axis2P3D',#1880,#1881,$) ;
#1895=AXIS2_PLACEMENT_3D('Plane Axis2P3D',#1892,#1893,#1894) ;
#1926=AXIS2_PLACEMENT_3D('Cylinder Axis2P3D',#1923,#1924,#1925) ;
#1930=AXIS2_PLACEMENT_3D('Circle Axis2P3D',#1928,#1929,$) ;
#1944=AXIS2_PLACEMENT_3D('Circle Axis2P3D',#1942,#1943,$) ;
#1957=AXIS2_PLACEMENT_3D('Plane Axis2P3D',#1954,#1955,#1956) ;
#1988=AXIS2_PLACEMENT_3D('Cylinder Axis2P3D',#1985,#1986,#1987) ;
#1992=AXIS2_PLACEMENT_3D('Circle Axis2P3D',#1990,#1991,$) ;
#1999=AXIS2_PLACEMENT_3D('Circle Axis2P3D',#1997,#1998,$) ;
#2071=AXIS2_PLACEMENT_3D('Cylinder Axis2P3D',#2068,#2069,#2070) ;
#2075=AXIS2_PLACEMENT_3D('Circle Axis2P3D',#2073,#2074,$) ;
#2080=AXIS2_PLACEMENT_3D('Circle Axis2P3D',#2078,#2079,$) ;
#2145=AXIS2_PLACEMENT_3D('Cylinder Axis2P3D',#2142,#2143,#2144) ;
#2149=AXIS2_PLACEMENT_3D('Circle Axis2P3D',#2147,#2148,$) ;
#2154=AXIS2_PLACEMENT_3D('Circle Axis2P3D',#2152,#2153,$) ;
#2167=AXIS2_PLACEMENT_3D('Cylinder Axis2P3D',#2164,#2165,#2166) ;
#2180=AXIS2_PLACEMENT_3D('Circle Axis2P3D',#2178,#2179,$) ;
#2194=AXIS2_PLACEMENT_3D('Circle Axis2P3D',#2192,#2193,$) ;
#2207=AXIS2_PLACEMENT_3D('Plane Axis2P3D',#2204,#2205,#2206) ;
#2238=AXIS2_PLACEMENT_3D('Cylinder Axis2P3D',#2235,#2236,#2237) ;
#2242=AXIS2_PLACEMENT_3D('Circle Axis2P3D',#2240,#2241,$) ;
#2256=AXIS2_PLACEMENT_3D('Circle Axis2P3D',#2254,#2255,$) ;
#2269=AXIS2_PLACEMENT_3D('Plane Axis2P3D',#2266,#2267,#2268) ;
#2300=AXIS2_PLACEMENT_3D('Cylinder Axis2P3D',#2297,#2298,#2299) ;
#2313=AXIS2_PLACEMENT_3D('Circle Axis2P3D',#2311,#2312,$) ;
#2318=AXIS2_PLACEMENT_3D('Circle Axis2P3D',#2316,#2317,$) ;
#2331=AXIS2_PLACEMENT_3D('Plane Axis2P3D',#2328,#2329,#2330) ;
#2375=AXIS2_PLACEMENT_3D('Circle Axis2P3D',#2373,#2374,$) ;
#2400=AXIS2_PLACEMENT_3D('Plane Axis2P3D',#2397,#2398,#2399) ;
#2430=AXIS2_PLACEMENT_3D('Circle Axis2P3D',#2428,#2429,$) ;
#2505=AXIS2_PLACEMENT_3D('Plane Axis2P3D',#2502,#2503,#2504) ;
#2522=AXIS2_PLACEMENT_3D('Plane Axis2P3D',#2519,#2520,#2521) ;
#2539=AXIS2_PLACEMENT_3D('Cylinder Axis2P3D',#2536,#2537,#2538) ;
#40=PRODUCT_DEFINITION_SHAPE(' ',' ',#14) ;
#31=APPROVAL_PERSON_ORGANIZATION(#25,#21,#19) ;
#25=PERSON_AND_ORGANIZATION(#22,#23) ;
#22=PERSON(' ',' ',' ',$,$,$) ;
#23=ORGANIZATION(' ',' ',' ') ;
#21=APPROVAL(#20,' ') ;
#20=APPROVAL_STATUS('not_yet_approved') ;
#19=APPROVAL_ROLE('APPROVER') ;
#13=DATE_AND_TIME(#11,#12) ;
#12=LOCAL_TIME(14,41,16.,#10) ;
#10=COORDINATED_UNIVERSAL_TIME_OFFSET(0,0,.AHEAD.) ;
#86=ORIENTED_EDGE('',*,*,#65,.F.) ;
#87=ORIENTED_EDGE('',*,*,#72,.T.) ;
#88=ORIENTED_EDGE('',*,*,#79,.T.) ;
#89=ORIENTED_EDGE('',*,*,#84,.F.) ;
#103=ORIENTED_EDGE('',*,*,#79,.F.) ;
#104=ORIENTED_EDGE('',*,*,#96,.T.) ;
#105=ORIENTED_EDGE('',*,*,#65,.T.) ;
#106=ORIENTED_EDGE('',*,*,#101,.F.) ;
#143=ORIENTED_EDGE('',*,*,#122,.F.) ;
#144=ORIENTED_EDGE('',*,*,#129,.T.) ;
#145=ORIENTED_EDGE('',*,*,#136,.T.) ;
#146=ORIENTED_EDGE('',*,*,#141,.F.) ;
#160=ORIENTED_EDGE('',*,*,#136,.F.) ;
#161=ORIENTED_EDGE('',*,*,#153,.T.) ;
#162=ORIENTED_EDGE('',*,*,#122,.T.) ;
#163=ORIENTED_EDGE('',*,*,#158,.F.) ;
#200=ORIENTED_EDGE('',*,*,#179,.T.) ;
#201=ORIENTED_EDGE('',*,*,#186,.F.) ;
#202=ORIENTED_EDGE('',*,*,#193,.T.) ;
#203=ORIENTED_EDGE('',*,*,#198,.T.) ;
#240=ORIENTED_EDGE('',*,*,#219,.T.) ;
#241=ORIENTED_EDGE('',*,*,#226,.F.) ;
#242=ORIENTED_EDGE('',*,*,#233,.T.) ;
#243=ORIENTED_EDGE('',*,*,#238,.T.) ;
#271=ORIENTED_EDGE('',*,*,#259,.F.) ;
#272=ORIENTED_EDGE('',*,*,#264,.T.) ;
#273=ORIENTED_EDGE('',*,*,#186,.T.) ;
#274=ORIENTED_EDGE('',*,*,#269,.F.) ;
#302=ORIENTED_EDGE('',*,*,#288,.T.) ;
#303=ORIENTED_EDGE('',*,*,#295,.F.) ;
#304=ORIENTED_EDGE('',*,*,#300,.T.) ;
#305=ORIENTED_EDGE('',*,*,#259,.T.) ;
#333=ORIENTED_EDGE('',*,*,#321,.T.) ;
#334=ORIENTED_EDGE('',*,*,#326,.F.) ;
#335=ORIENTED_EDGE('',*,*,#238,.F.) ;
#336=ORIENTED_EDGE('',*,*,#331,.T.) ;
#364=ORIENTED_EDGE('',*,*,#350,.T.) ;
#365=ORIENTED_EDGE('',*,*,#321,.F.) ;
#366=ORIENTED_EDGE('',*,*,#357,.T.) ;
#367=ORIENTED_EDGE('',*,*,#362,.T.) ;
#395=ORIENTED_EDGE('',*,*,#383,.F.) ;
#396=ORIENTED_EDGE('',*,*,#388,.T.) ;
#397=ORIENTED_EDGE('',*,*,#226,.T.) ;
#398=ORIENTED_EDGE('',*,*,#393,.F.) ;
#426=ORIENTED_EDGE('',*,*,#412,.T.) ;
#427=ORIENTED_EDGE('',*,*,#419,.F.) ;
#428=ORIENTED_EDGE('',*,*,#424,.T.) ;
#429=ORIENTED_EDGE('',*,*,#383,.T.) ;
#457=ORIENTED_EDGE('',*,*,#445,.F.) ;
#458=ORIENTED_EDGE('',*,*,#450,.T.) ;
#459=ORIENTED_EDGE('',*,*,#419,.T.) ;
#460=ORIENTED_EDGE('',*,*,#455,.F.) ;
#488=ORIENTED_EDGE('',*,*,#474,.T.) ;
#489=ORIENTED_EDGE('',*,*,#481,.F.) ;
#490=ORIENTED_EDGE('',*,*,#486,.T.) ;
#491=ORIENTED_EDGE('',*,*,#445,.T.) ;
#528=ORIENTED_EDGE('',*,*,#507,.T.) ;
#529=ORIENTED_EDGE('',*,*,#514,.F.) ;
#530=ORIENTED_EDGE('',*,*,#521,.T.) ;
#531=ORIENTED_EDGE('',*,*,#526,.T.) ;
#559=ORIENTED_EDGE('',*,*,#547,.T.) ;
#560=ORIENTED_EDGE('',*,*,#552,.F.) ;
#561=ORIENTED_EDGE('',*,*,#362,.F.) ;
#562=ORIENTED_EDGE('',*,*,#557,.T.) ;
#585=ORIENTED_EDGE('',*,*,#573,.F.) ;
#586=ORIENTED_EDGE('',*,*,#578,.T.) ;
#587=ORIENTED_EDGE('',*,*,#514,.T.) ;
#588=ORIENTED_EDGE('',*,*,#583,.F.) ;
#607=ORIENTED_EDGE('',*,*,#600,.T.) ;
#608=ORIENTED_EDGE('',*,*,#547,.F.) ;
#609=ORIENTED_EDGE('',*,*,#605,.T.) ;
#610=ORIENTED_EDGE('',*,*,#573,.T.) ;
#633=ORIENTED_EDGE('',*,*,#621,.T.) ;
#634=ORIENTED_EDGE('',*,*,#626,.F.) ;
#635=ORIENTED_EDGE('',*,*,#198,.F.) ;
#636=ORIENTED_EDGE('',*,*,#631,.T.) ;
#664=ORIENTED_EDGE('',*,*,#650,.T.) ;
#665=ORIENTED_EDGE('',*,*,#621,.F.) ;
#666=ORIENTED_EDGE('',*,*,#657,.T.) ;
#667=ORIENTED_EDGE('',*,*,#662,.T.) ;
#695=ORIENTED_EDGE('',*,*,#681,.F.) ;
#696=ORIENTED_EDGE('',*,*,#662,.F.) ;
#697=ORIENTED_EDGE('',*,*,#688,.T.) ;
#698=ORIENTED_EDGE('',*,*,#693,.T.) ;
#726=ORIENTED_EDGE('',*,*,#712,.T.) ;
#727=ORIENTED_EDGE('',*,*,#693,.F.) ;
#728=ORIENTED_EDGE('',*,*,#719,.T.) ;
#729=ORIENTED_EDGE('',*,*,#724,.T.) ;
#766=ORIENTED_EDGE('',*,*,#745,.T.) ;
#767=ORIENTED_EDGE('',*,*,#752,.F.) ;
#768=ORIENTED_EDGE('',*,*,#759,.T.) ;
#769=ORIENTED_EDGE('',*,*,#764,.T.) ;
#792=ORIENTED_EDGE('',*,*,#780,.F.) ;
#793=ORIENTED_EDGE('',*,*,#785,.T.) ;
#794=ORIENTED_EDGE('',*,*,#295,.T.) ;
#795=ORIENTED_EDGE('',*,*,#790,.F.) ;
#818=ORIENTED_EDGE('',*,*,#804,.F.) ;
#819=ORIENTED_EDGE('',*,*,#764,.F.) ;
#820=ORIENTED_EDGE('',*,*,#811,.T.) ;
#821=ORIENTED_EDGE('',*,*,#816,.T.) ;
#840=ORIENTED_EDGE('',*,*,#833,.T.) ;
#841=ORIENTED_EDGE('',*,*,#816,.F.) ;
#842=ORIENTED_EDGE('',*,*,#838,.T.) ;
#843=ORIENTED_EDGE('',*,*,#780,.T.) ;
#871=ORIENTED_EDGE('',*,*,#857,.T.) ;
#872=ORIENTED_EDGE('',*,*,#752,.T.) ;
#873=ORIENTED_EDGE('',*,*,#864,.F.) ;
#874=ORIENTED_EDGE('',*,*,#869,.T.) ;
#902=ORIENTED_EDGE('',*,*,#869,.F.) ;
#903=ORIENTED_EDGE('',*,*,#888,.F.) ;
#904=ORIENTED_EDGE('',*,*,#895,.T.) ;
#905=ORIENTED_EDGE('',*,*,#900,.F.) ;
#928=ORIENTED_EDGE('',*,*,#914,.F.) ;
#929=ORIENTED_EDGE('',*,*,#526,.F.) ;
#930=ORIENTED_EDGE('',*,*,#921,.T.) ;
#931=ORIENTED_EDGE('',*,*,#926,.F.) ;
#959=ORIENTED_EDGE('',*,*,#947,.F.) ;
#960=ORIENTED_EDGE('',*,*,#952,.F.) ;
#961=ORIENTED_EDGE('',*,*,#926,.T.) ;
#962=ORIENTED_EDGE('',*,*,#957,.F.) ;
#990=ORIENTED_EDGE('',*,*,#976,.F.) ;
#991=ORIENTED_EDGE('',*,*,#724,.F.) ;
#992=ORIENTED_EDGE('',*,*,#983,.T.) ;
#993=ORIENTED_EDGE('',*,*,#988,.F.) ;
#1021=ORIENTED_EDGE('',*,*,#1007,.T.) ;
#1022=ORIENTED_EDGE('',*,*,#895,.F.) ;
#1023=ORIENTED_EDGE('',*,*,#1014,.F.) ;
#1024=ORIENTED_EDGE('',*,*,#1019,.T.) ;
#1043=ORIENTED_EDGE('',*,*,#1019,.F.) ;
#1044=ORIENTED_EDGE('',*,*,#1036,.F.) ;
#1045=ORIENTED_EDGE('',*,*,#988,.T.) ;
#1046=ORIENTED_EDGE('',*,*,#1041,.F.) ;
#1069=ORIENTED_EDGE('',*,*,#1055,.T.) ;
#1070=ORIENTED_EDGE('',*,*,#481,.T.) ;
#1071=ORIENTED_EDGE('',*,*,#1062,.F.) ;
#1072=ORIENTED_EDGE('',*,*,#1067,.T.) ;
#1100=ORIENTED_EDGE('',*,*,#1086,.F.) ;
#1101=ORIENTED_EDGE('',*,*,#947,.T.) ;
#1102=ORIENTED_EDGE('',*,*,#1093,.T.) ;
#1103=ORIENTED_EDGE('',*,*,#1098,.F.) ;
#1122=ORIENTED_EDGE('',*,*,#1067,.F.) ;
#1123=ORIENTED_EDGE('',*,*,#1115,.F.) ;
#1124=ORIENTED_EDGE('',*,*,#1098,.T.) ;
#1125=ORIENTED_EDGE('',*,*,#1120,.F.) ;
#1134=ORIENTED_EDGE('',*,*,#1115,.T.) ;
#1135=ORIENTED_EDGE('',*,*,#1062,.T.) ;
#1136=ORIENTED_EDGE('',*,*,#474,.F.) ;
#1137=ORIENTED_EDGE('',*,*,#455,.T.) ;
#1138=ORIENTED_EDGE('',*,*,#412,.F.) ;
#1139=ORIENTED_EDGE('',*,*,#393,.T.) ;
#1140=ORIENTED_EDGE('',*,*,#219,.F.) ;
#1141=ORIENTED_EDGE('',*,*,#326,.T.) ;
#1142=ORIENTED_EDGE('',*,*,#350,.F.) ;
#1143=ORIENTED_EDGE('',*,*,#552,.T.) ;
#1144=ORIENTED_EDGE('',*,*,#600,.F.) ;
#1145=ORIENTED_EDGE('',*,*,#583,.T.) ;
#1146=ORIENTED_EDGE('',*,*,#507,.F.) ;
#1147=ORIENTED_EDGE('',*,*,#914,.T.) ;
#1148=ORIENTED_EDGE('',*,*,#952,.T.) ;
#1149=ORIENTED_EDGE('',*,*,#1086,.T.) ;
#1166=ORIENTED_EDGE('',*,*,#1159,.F.) ;
#1167=ORIENTED_EDGE('',*,*,#1164,.F.) ;
#1184=ORIENTED_EDGE('',*,*,#1177,.F.) ;
#1185=ORIENTED_EDGE('',*,*,#1182,.F.) ;
#1189=ORIENTED_EDGE('',*,*,#1036,.T.) ;
#1190=ORIENTED_EDGE('',*,*,#1014,.T.) ;
#1191=ORIENTED_EDGE('',*,*,#888,.T.) ;
#1192=ORIENTED_EDGE('',*,*,#864,.T.) ;
#1193=ORIENTED_EDGE('',*,*,#745,.F.) ;
#1194=ORIENTED_EDGE('',*,*,#804,.T.) ;
#1195=ORIENTED_EDGE('',*,*,#833,.F.) ;
#1196=ORIENTED_EDGE('',*,*,#790,.T.) ;
#1197=ORIENTED_EDGE('',*,*,#288,.F.) ;
#1198=ORIENTED_EDGE('',*,*,#269,.T.) ;
#1199=ORIENTED_EDGE('',*,*,#179,.F.) ;
#1200=ORIENTED_EDGE('',*,*,#626,.T.) ;
#1201=ORIENTED_EDGE('',*,*,#650,.F.) ;
#1202=ORIENTED_EDGE('',*,*,#681,.T.) ;
#1203=ORIENTED_EDGE('',*,*,#712,.F.) ;
#1204=ORIENTED_EDGE('',*,*,#976,.T.) ;
#1221=ORIENTED_EDGE('',*,*,#1214,.F.) ;
#1222=ORIENTED_EDGE('',*,*,#1219,.F.) ;
#1239=ORIENTED_EDGE('',*,*,#1232,.F.) ;
#1240=ORIENTED_EDGE('',*,*,#1237,.F.) ;
#1268=ORIENTED_EDGE('',*,*,#1254,.F.) ;
#1269=ORIENTED_EDGE('',*,*,#1214,.T.) ;
#1270=ORIENTED_EDGE('',*,*,#1261,.T.) ;
#1271=ORIENTED_EDGE('',*,*,#1266,.F.) ;
#1280=ORIENTED_EDGE('',*,*,#1261,.F.) ;
#1281=ORIENTED_EDGE('',*,*,#1219,.T.) ;
#1282=ORIENTED_EDGE('',*,*,#1254,.T.) ;
#1283=ORIENTED_EDGE('',*,*,#1278,.F.) ;
#1292=ORIENTED_EDGE('',*,*,#1266,.T.) ;
#1293=ORIENTED_EDGE('',*,*,#1278,.T.) ;
#1321=ORIENTED_EDGE('',*,*,#1307,.F.) ;
#1322=ORIENTED_EDGE('',*,*,#1177,.T.) ;
#1323=ORIENTED_EDGE('',*,*,#1314,.T.) ;
#1324=ORIENTED_EDGE('',*,*,#1319,.F.) ;
#1333=ORIENTED_EDGE('',*,*,#1314,.F.) ;
#1334=ORIENTED_EDGE('',*,*,#1182,.T.) ;
#1335=ORIENTED_EDGE('',*,*,#1307,.T.) ;
#1336=ORIENTED_EDGE('',*,*,#1331,.F.) ;
#1340=ORIENTED_EDGE('',*,*,#1319,.T.) ;
#1341=ORIENTED_EDGE('',*,*,#1331,.T.) ;
#1369=ORIENTED_EDGE('',*,*,#1355,.F.) ;
#1370=ORIENTED_EDGE('',*,*,#1232,.T.) ;
#1371=ORIENTED_EDGE('',*,*,#1362,.T.) ;
#1372=ORIENTED_EDGE('',*,*,#1367,.F.) ;
#1381=ORIENTED_EDGE('',*,*,#1362,.F.) ;
#1382=ORIENTED_EDGE('',*,*,#1237,.T.) ;
#1383=ORIENTED_EDGE('',*,*,#1355,.T.) ;
#1384=ORIENTED_EDGE('',*,*,#1379,.F.) ;
#1388=ORIENTED_EDGE('',*,*,#1367,.T.) ;
#1389=ORIENTED_EDGE('',*,*,#1379,.T.) ;
#1417=ORIENTED_EDGE('',*,*,#1403,.F.) ;
#1418=ORIENTED_EDGE('',*,*,#1159,.T.) ;
#1419=ORIENTED_EDGE('',*,*,#1410,.T.) ;
#1420=ORIENTED_EDGE('',*,*,#1415,.F.) ;
#1429=ORIENTED_EDGE('',*,*,#1410,.F.) ;
#1430=ORIENTED_EDGE('',*,*,#1164,.T.) ;
#1431=ORIENTED_EDGE('',*,*,#1403,.T.) ;
#1432=ORIENTED_EDGE('',*,*,#1427,.F.) ;
#1436=ORIENTED_EDGE('',*,*,#1415,.T.) ;
#1437=ORIENTED_EDGE('',*,*,#1427,.T.) ;
#1474=ORIENTED_EDGE('',*,*,#1453,.T.) ;
#1475=ORIENTED_EDGE('',*,*,#1460,.F.) ;
#1476=ORIENTED_EDGE('',*,*,#1467,.T.) ;
#1477=ORIENTED_EDGE('',*,*,#1472,.T.) ;
#1514=ORIENTED_EDGE('',*,*,#1493,.T.) ;
#1515=ORIENTED_EDGE('',*,*,#1500,.F.) ;
#1516=ORIENTED_EDGE('',*,*,#1507,.T.) ;
#1517=ORIENTED_EDGE('',*,*,#1512,.T.) ;
#1545=ORIENTED_EDGE('',*,*,#1531,.T.) ;
#1546=ORIENTED_EDGE('',*,*,#1500,.T.) ;
#1547=ORIENTED_EDGE('',*,*,#1538,.F.) ;
#1548=ORIENTED_EDGE('',*,*,#1543,.F.) ;
#1576=ORIENTED_EDGE('',*,*,#1562,.T.) ;
#1577=ORIENTED_EDGE('',*,*,#1569,.F.) ;
#1578=ORIENTED_EDGE('',*,*,#1574,.T.) ;
#1579=ORIENTED_EDGE('',*,*,#1543,.T.) ;
#1616=ORIENTED_EDGE('',*,*,#1595,.T.) ;
#1617=ORIENTED_EDGE('',*,*,#1602,.F.) ;
#1618=ORIENTED_EDGE('',*,*,#1609,.T.) ;
#1619=ORIENTED_EDGE('',*,*,#1614,.T.) ;
#1647=ORIENTED_EDGE('',*,*,#1633,.T.) ;
#1648=ORIENTED_EDGE('',*,*,#1460,.T.) ;
#1649=ORIENTED_EDGE('',*,*,#1640,.T.) ;
#1650=ORIENTED_EDGE('',*,*,#1645,.T.) ;
#1678=ORIENTED_EDGE('',*,*,#1664,.F.) ;
#1679=ORIENTED_EDGE('',*,*,#1512,.F.) ;
#1680=ORIENTED_EDGE('',*,*,#1671,.T.) ;
#1681=ORIENTED_EDGE('',*,*,#1676,.F.) ;
#1700=ORIENTED_EDGE('',*,*,#1645,.F.) ;
#1701=ORIENTED_EDGE('',*,*,#1693,.F.) ;
#1702=ORIENTED_EDGE('',*,*,#1676,.T.) ;
#1703=ORIENTED_EDGE('',*,*,#1698,.F.) ;
#1731=ORIENTED_EDGE('',*,*,#1717,.F.) ;
#1732=ORIENTED_EDGE('',*,*,#1602,.T.) ;
#1733=ORIENTED_EDGE('',*,*,#1724,.T.) ;
#1734=ORIENTED_EDGE('',*,*,#1729,.F.) ;
#1762=ORIENTED_EDGE('',*,*,#1748,.T.) ;
#1763=ORIENTED_EDGE('',*,*,#1755,.F.) ;
#1764=ORIENTED_EDGE('',*,*,#1760,.T.) ;
#1765=ORIENTED_EDGE('',*,*,#1729,.T.) ;
#1793=ORIENTED_EDGE('',*,*,#1781,.T.) ;
#1794=ORIENTED_EDGE('',*,*,#1786,.T.) ;
#1795=ORIENTED_EDGE('',*,*,#1755,.T.) ;
#1796=ORIENTED_EDGE('',*,*,#1791,.T.) ;
#1824=ORIENTED_EDGE('',*,*,#1781,.F.) ;
#1825=ORIENTED_EDGE('',*,*,#1810,.F.) ;
#1826=ORIENTED_EDGE('',*,*,#1817,.T.) ;
#1827=ORIENTED_EDGE('',*,*,#1822,.F.) ;
#1855=ORIENTED_EDGE('',*,*,#1841,.T.) ;
#1856=ORIENTED_EDGE('',*,*,#1817,.F.) ;
#1857=ORIENTED_EDGE('',*,*,#1848,.F.) ;
#1858=ORIENTED_EDGE('',*,*,#1853,.F.) ;
#1886=ORIENTED_EDGE('',*,*,#1872,.T.) ;
#1887=ORIENTED_EDGE('',*,*,#1879,.F.) ;
#1888=ORIENTED_EDGE('',*,*,#1884,.T.) ;
#1889=ORIENTED_EDGE('',*,*,#1853,.T.) ;
#1917=ORIENTED_EDGE('',*,*,#1905,.F.) ;
#1918=ORIENTED_EDGE('',*,*,#1910,.T.) ;
#1919=ORIENTED_EDGE('',*,*,#1879,.T.) ;
#1920=ORIENTED_EDGE('',*,*,#1915,.T.) ;
#1948=ORIENTED_EDGE('',*,*,#1934,.T.) ;
#1949=ORIENTED_EDGE('',*,*,#1941,.F.) ;
#1950=ORIENTED_EDGE('',*,*,#1946,.T.) ;
#1951=ORIENTED_EDGE('',*,*,#1905,.T.) ;
#1979=ORIENTED_EDGE('',*,*,#1965,.T.) ;
#1980=ORIENTED_EDGE('',*,*,#1472,.F.) ;
#1981=ORIENTED_EDGE('',*,*,#1972,.F.) ;
#1982=ORIENTED_EDGE('',*,*,#1977,.T.) ;
#2010=ORIENTED_EDGE('',*,*,#1996,.T.) ;
#2011=ORIENTED_EDGE('',*,*,#1977,.F.) ;
#2012=ORIENTED_EDGE('',*,*,#2003,.T.) ;
#2013=ORIENTED_EDGE('',*,*,#2008,.T.) ;
#2036=ORIENTED_EDGE('',*,*,#2022,.T.) ;
#2037=ORIENTED_EDGE('',*,*,#1941,.T.) ;
#2038=ORIENTED_EDGE('',*,*,#2029,.F.) ;
#2039=ORIENTED_EDGE('',*,*,#2034,.T.) ;
#2062=ORIENTED_EDGE('',*,*,#2050,.F.) ;
#2063=ORIENTED_EDGE('',*,*,#2055,.F.) ;
#2064=ORIENTED_EDGE('',*,*,#2008,.F.) ;
#2065=ORIENTED_EDGE('',*,*,#2060,.T.) ;
#2084=ORIENTED_EDGE('',*,*,#2034,.F.) ;
#2085=ORIENTED_EDGE('',*,*,#2077,.F.) ;
#2086=ORIENTED_EDGE('',*,*,#2050,.T.) ;
#2087=ORIENTED_EDGE('',*,*,#2082,.F.) ;
#2110=ORIENTED_EDGE('',*,*,#2096,.T.) ;
#2111=ORIENTED_EDGE('',*,*,#1569,.T.) ;
#2112=ORIENTED_EDGE('',*,*,#2103,.F.) ;
#2113=ORIENTED_EDGE('',*,*,#2108,.T.) ;
#2136=ORIENTED_EDGE('',*,*,#2122,.F.) ;
#2137=ORIENTED_EDGE('',*,*,#1614,.F.) ;
#2138=ORIENTED_EDGE('',*,*,#2129,.T.) ;
#2139=ORIENTED_EDGE('',*,*,#2134,.F.) ;
#2158=ORIENTED_EDGE('',*,*,#2108,.F.) ;
#2159=ORIENTED_EDGE('',*,*,#2151,.F.) ;
#2160=ORIENTED_EDGE('',*,*,#2134,.T.) ;
#2161=ORIENTED_EDGE('',*,*,#2156,.F.) ;
#2198=ORIENTED_EDGE('',*,*,#2177,.F.) ;
#2199=ORIENTED_EDGE('',*,*,#2184,.F.) ;
#2200=ORIENTED_EDGE('',*,*,#2191,.T.) ;
#2201=ORIENTED_EDGE('',*,*,#2196,.F.) ;
#2229=ORIENTED_EDGE('',*,*,#2217,.T.) ;
#2230=ORIENTED_EDGE('',*,*,#2222,.T.) ;
#2231=ORIENTED_EDGE('',*,*,#2191,.F.) ;
#2232=ORIENTED_EDGE('',*,*,#2227,.T.) ;
#2260=ORIENTED_EDGE('',*,*,#2217,.F.) ;
#2261=ORIENTED_EDGE('',*,*,#2246,.F.) ;
#2262=ORIENTED_EDGE('',*,*,#2253,.T.) ;
#2263=ORIENTED_EDGE('',*,*,#2258,.F.) ;
#2291=ORIENTED_EDGE('',*,*,#2279,.F.) ;
#2292=ORIENTED_EDGE('',*,*,#2284,.T.) ;
#2293=ORIENTED_EDGE('',*,*,#2177,.T.) ;
#2294=ORIENTED_EDGE('',*,*,#2289,.T.) ;
#2322=ORIENTED_EDGE('',*,*,#2310,.F.) ;
#2323=ORIENTED_EDGE('',*,*,#2315,.F.) ;
#2324=ORIENTED_EDGE('',*,*,#2279,.T.) ;
#2325=ORIENTED_EDGE('',*,*,#2320,.F.) ;
#2334=ORIENTED_EDGE('',*,*,#2103,.T.) ;
#2335=ORIENTED_EDGE('',*,*,#1562,.F.) ;
#2336=ORIENTED_EDGE('',*,*,#1538,.T.) ;
#2337=ORIENTED_EDGE('',*,*,#1493,.F.) ;
#2338=ORIENTED_EDGE('',*,*,#1664,.T.) ;
#2339=ORIENTED_EDGE('',*,*,#1693,.T.) ;
#2340=ORIENTED_EDGE('',*,*,#1640,.F.) ;
#2341=ORIENTED_EDGE('',*,*,#1453,.F.) ;
#2342=ORIENTED_EDGE('',*,*,#1965,.F.) ;
#2343=ORIENTED_EDGE('',*,*,#1996,.F.) ;
#2344=ORIENTED_EDGE('',*,*,#2055,.T.) ;
#2345=ORIENTED_EDGE('',*,*,#2077,.T.) ;
#2346=ORIENTED_EDGE('',*,*,#2029,.T.) ;
#2347=ORIENTED_EDGE('',*,*,#1934,.F.) ;
#2348=ORIENTED_EDGE('',*,*,#1915,.F.) ;
#2349=ORIENTED_EDGE('',*,*,#1872,.F.) ;
#2350=ORIENTED_EDGE('',*,*,#1848,.T.) ;
#2351=ORIENTED_EDGE('',*,*,#1810,.T.) ;
#2352=ORIENTED_EDGE('',*,*,#1791,.F.) ;
#2353=ORIENTED_EDGE('',*,*,#1748,.F.) ;
#2354=ORIENTED_EDGE('',*,*,#1724,.F.) ;
#2355=ORIENTED_EDGE('',*,*,#1595,.F.) ;
#2356=ORIENTED_EDGE('',*,*,#2122,.T.) ;
#2357=ORIENTED_EDGE('',*,*,#2151,.T.) ;
#2379=ORIENTED_EDGE('',*,*,#2365,.F.) ;
#2380=ORIENTED_EDGE('',*,*,#2246,.T.) ;
#2381=ORIENTED_EDGE('',*,*,#2227,.F.) ;
#2382=ORIENTED_EDGE('',*,*,#2184,.T.) ;
#2383=ORIENTED_EDGE('',*,*,#2284,.F.) ;
#2384=ORIENTED_EDGE('',*,*,#2315,.T.) ;
#2385=ORIENTED_EDGE('',*,*,#2372,.F.) ;
#2386=ORIENTED_EDGE('',*,*,#2377,.T.) ;
#2389=ORIENTED_EDGE('',*,*,#141,.T.) ;
#2390=ORIENTED_EDGE('',*,*,#158,.T.) ;
#2393=ORIENTED_EDGE('',*,*,#84,.T.) ;
#2394=ORIENTED_EDGE('',*,*,#101,.T.) ;
#2403=ORIENTED_EDGE('',*,*,#2156,.T.) ;
#2404=ORIENTED_EDGE('',*,*,#2129,.F.) ;
#2405=ORIENTED_EDGE('',*,*,#1609,.F.) ;
#2406=ORIENTED_EDGE('',*,*,#1717,.T.) ;
#2407=ORIENTED_EDGE('',*,*,#1760,.F.) ;
#2408=ORIENTED_EDGE('',*,*,#1786,.F.) ;
#2409=ORIENTED_EDGE('',*,*,#1822,.T.) ;
#2410=ORIENTED_EDGE('',*,*,#1841,.F.) ;
#2411=ORIENTED_EDGE('',*,*,#1884,.F.) ;
#2412=ORIENTED_EDGE('',*,*,#1910,.F.) ;
#2413=ORIENTED_EDGE('',*,*,#1946,.F.) ;
#2414=ORIENTED_EDGE('',*,*,#2022,.F.) ;
#2415=ORIENTED_EDGE('',*,*,#2082,.T.) ;
#2416=ORIENTED_EDGE('',*,*,#2060,.F.) ;
#2417=ORIENTED_EDGE('',*,*,#2003,.F.) ;
#2418=ORIENTED_EDGE('',*,*,#1972,.T.) ;
#2419=ORIENTED_EDGE('',*,*,#1467,.F.) ;
#2420=ORIENTED_EDGE('',*,*,#1633,.F.) ;
#2421=ORIENTED_EDGE('',*,*,#1698,.T.) ;
#2422=ORIENTED_EDGE('',*,*,#1671,.F.) ;
#2423=ORIENTED_EDGE('',*,*,#1507,.F.) ;
#2424=ORIENTED_EDGE('',*,*,#1531,.F.) ;
#2425=ORIENTED_EDGE('',*,*,#1574,.F.) ;
#2426=ORIENTED_EDGE('',*,*,#2096,.F.) ;
#2448=ORIENTED_EDGE('',*,*,#2436,.T.) ;
#2449=ORIENTED_EDGE('',*,*,#2441,.F.) ;
#2450=ORIENTED_EDGE('',*,*,#2320,.T.) ;
#2451=ORIENTED_EDGE('',*,*,#2289,.F.) ;
#2452=ORIENTED_EDGE('',*,*,#2196,.T.) ;
#2453=ORIENTED_EDGE('',*,*,#2222,.F.) ;
#2454=ORIENTED_EDGE('',*,*,#2258,.T.) ;
#2455=ORIENTED_EDGE('',*,*,#2446,.F.) ;
#2458=ORIENTED_EDGE('',*,*,#983,.F.) ;
#2459=ORIENTED_EDGE('',*,*,#719,.F.) ;
#2460=ORIENTED_EDGE('',*,*,#688,.F.) ;
#2461=ORIENTED_EDGE('',*,*,#657,.F.) ;
#2462=ORIENTED_EDGE('',*,*,#631,.F.) ;
#2463=ORIENTED_EDGE('',*,*,#193,.F.) ;
#2464=ORIENTED_EDGE('',*,*,#264,.F.) ;
#2465=ORIENTED_EDGE('',*,*,#300,.F.) ;
#2466=ORIENTED_EDGE('',*,*,#785,.F.) ;
#2467=ORIENTED_EDGE('',*,*,#838,.F.) ;
#2468=ORIENTED_EDGE('',*,*,#811,.F.) ;
#2469=ORIENTED_EDGE('',*,*,#759,.F.) ;
#2470=ORIENTED_EDGE('',*,*,#857,.F.) ;
#2471=ORIENTED_EDGE('',*,*,#900,.T.) ;
#2472=ORIENTED_EDGE('',*,*,#1007,.F.) ;
#2473=ORIENTED_EDGE('',*,*,#1041,.T.) ;
#2476=ORIENTED_EDGE('',*,*,#1093,.F.) ;
#2477=ORIENTED_EDGE('',*,*,#957,.T.) ;
#2478=ORIENTED_EDGE('',*,*,#921,.F.) ;
#2479=ORIENTED_EDGE('',*,*,#521,.F.) ;
#2480=ORIENTED_EDGE('',*,*,#578,.F.) ;
#2481=ORIENTED_EDGE('',*,*,#605,.F.) ;
#2482=ORIENTED_EDGE('',*,*,#557,.F.) ;
#2483=ORIENTED_EDGE('',*,*,#357,.F.) ;
#2484=ORIENTED_EDGE('',*,*,#331,.F.) ;
#2485=ORIENTED_EDGE('',*,*,#233,.F.) ;
#2486=ORIENTED_EDGE('',*,*,#388,.F.) ;
#2487=ORIENTED_EDGE('',*,*,#424,.F.) ;
#2488=ORIENTED_EDGE('',*,*,#450,.F.) ;
#2489=ORIENTED_EDGE('',*,*,#486,.F.) ;
#2490=ORIENTED_EDGE('',*,*,#1055,.F.) ;
#2491=ORIENTED_EDGE('',*,*,#1120,.T.) ;
#2494=ORIENTED_EDGE('',*,*,#153,.F.) ;
#2495=ORIENTED_EDGE('',*,*,#129,.F.) ;
#2498=ORIENTED_EDGE('',*,*,#96,.F.) ;
#2499=ORIENTED_EDGE('',*,*,#72,.F.) ;
#2513=ORIENTED_EDGE('',*,*,#2511,.T.) ;
#2514=ORIENTED_EDGE('',*,*,#2446,.T.) ;
#2515=ORIENTED_EDGE('',*,*,#2253,.F.) ;
#2516=ORIENTED_EDGE('',*,*,#2365,.T.) ;
#2530=ORIENTED_EDGE('',*,*,#2528,.F.) ;
#2531=ORIENTED_EDGE('',*,*,#2372,.T.) ;
#2532=ORIENTED_EDGE('',*,*,#2310,.T.) ;
#2533=ORIENTED_EDGE('',*,*,#2441,.T.) ;
#2542=ORIENTED_EDGE('',*,*,#2511,.F.) ;
#2543=ORIENTED_EDGE('',*,*,#2377,.F.) ;
#2544=ORIENTED_EDGE('',*,*,#2528,.T.) ;
#2545=ORIENTED_EDGE('',*,*,#2436,.F.) ;
#1168=FACE_BOUND('',#1165,.T.) ;
#1186=FACE_BOUND('',#1183,.T.) ;
#1223=FACE_BOUND('',#1220,.T.) ;
#1241=FACE_BOUND('',#1238,.T.) ;
#2387=FACE_BOUND('',#2378,.T.) ;
#2391=FACE_BOUND('',#2388,.T.) ;
#2395=FACE_BOUND('',#2392,.T.) ;
#2456=FACE_BOUND('',#2447,.T.) ;
#2474=FACE_BOUND('',#2457,.T.) ;
#2492=FACE_BOUND('',#2475,.T.) ;
#2496=FACE_BOUND('',#2493,.T.) ;
#2500=FACE_BOUND('',#2497,.T.) ;
#51=CLOSED_SHELL('Closed Shell',(#91,#108,#148,#165,#205,#245,#276,#307,#338,#369,#400,#431,#462,#493,#533,#564,#590,#612,#638,#669,#700,#731,#771,#797,#823,#845,#876,#907,#933,#964,#995,#1026,#1048,#1074,#1105,#1127,#1187,#1242,#1273,#1285,#1295,#1326,#1338,#1343,#1374,#1386,#1391,#1422,#1434,#1439,#1479,#1519,#1550,#1581,#1621,#1652,#1683,#1705,#1736,#1767,#1798,#1829,#1860,#1891,#1922,#1953,#1984,#2015,#2041,#2067,#2089,#2115,#2141,#2163,#2203,#2234,#2265,#2296,#2327,#2396,#2501,#2518,#2535,#2547)) ;
#59=VECTOR('Line Direction',#58,1.) ;
#75=VECTOR('Line Direction',#74,1.) ;
#116=VECTOR('Line Direction',#115,1.) ;
#132=VECTOR('Line Direction',#131,1.) ;
#182=VECTOR('Line Direction',#181,1.) ;
#196=VECTOR('Line Direction',#195,1.) ;
#222=VECTOR('Line Direction',#221,1.) ;
#236=VECTOR('Line Direction',#235,1.) ;
#253=VECTOR('Line Direction',#252,1.) ;
#262=VECTOR('Line Direction',#261,1.) ;
#267=VECTOR('Line Direction',#266,1.) ;
#291=VECTOR('Line Direction',#290,1.) ;
#315=VECTOR('Line Direction',#314,1.) ;
#324=VECTOR('Line Direction',#323,1.) ;
#329=VECTOR('Line Direction',#328,1.) ;
#360=VECTOR('Line Direction',#359,1.) ;
#377=VECTOR('Line Direction',#376,1.) ;
#386=VECTOR('Line Direction',#385,1.) ;
#391=VECTOR('Line Direction',#390,1.) ;
#415=VECTOR('Line Direction',#414,1.) ;
#439=VECTOR('Line Direction',#438,1.) ;
#448=VECTOR('Line Direction',#447,1.) ;
#453=VECTOR('Line Direction',#452,1.) ;
#477=VECTOR('Line Direction',#476,1.) ;
#510=VECTOR('Line Direction',#509,1.) ;
#524=VECTOR('Line Direction',#523,1.) ;
#541=VECTOR('Line Direction',#540,1.) ;
#550=VECTOR('Line Direction',#549,1.) ;
#555=VECTOR('Line Direction',#554,1.) ;
#567=VECTOR('Line Direction',#566,1.) ;
#576=VECTOR('Line Direction',#575,1.) ;
#581=VECTOR('Line Direction',#580,1.) ;
#615=VECTOR('Line Direction',#614,1.) ;
#624=VECTOR('Line Direction',#623,1.) ;
#629=VECTOR('Line Direction',#628,1.) ;
#660=VECTOR('Line Direction',#659,1.) ;
#677=VECTOR('Line Direction',#676,1.) ;
#684=VECTOR('Line Direction',#683,1.) ;
#691=VECTOR('Line Direction',#690,1.) ;
#722=VECTOR('Line Direction',#721,1.) ;
#748=VECTOR('Line Direction',#747,1.) ;
#762=VECTOR('Line Direction',#761,1.) ;
#774=VECTOR('Line Direction',#773,1.) ;
#783=VECTOR('Line Direction',#782,1.) ;
#788=VECTOR('Line Direction',#787,1.) ;
#800=VECTOR('Line Direction',#799,1.) ;
#807=VECTOR('Line Direction',#806,1.) ;
#814=VECTOR('Line Direction',#813,1.) ;
#853=VECTOR('Line Direction',#852,1.) ;
#860=VECTOR('Line Direction',#859,1.) ;
#867=VECTOR('Line Direction',#866,1.) ;
#891=VECTOR('Line Direction',#890,1.) ;
#910=VECTOR('Line Direction',#909,1.) ;
#917=VECTOR('Line Direction',#916,1.) ;
#924=VECTOR('Line Direction',#923,1.) ;
#941=VECTOR('Line Direction',#940,1.) ;
#972=VECTOR('Line Direction',#971,1.) ;
#979=VECTOR('Line Direction',#978,1.) ;
#986=VECTOR('Line Direction',#985,1.) ;
#1003=VECTOR('Line Direction',#1002,1.) ;
#1010=VECTOR('Line Direction',#1009,1.) ;
#1017=VECTOR('Line Direction',#1016,1.) ;
#1051=VECTOR('Line Direction',#1050,1.) ;
#1058=VECTOR('Line Direction',#1057,1.) ;
#1065=VECTOR('Line Direction',#1064,1.) ;
#1082=VECTOR('Line Direction',#1081,1.) ;
#1089=VECTOR('Line Direction',#1088,1.) ;
#1096=VECTOR('Line Direction',#1095,1.) ;
#1250=VECTOR('Line Direction',#1249,1.) ;
#1257=VECTOR('Line Direction',#1256,1.) ;
#1303=VECTOR('Line Direction',#1302,1.) ;
#1310=VECTOR('Line Direction',#1309,1.) ;
#1351=VECTOR('Line Direction',#1350,1.) ;
#1358=VECTOR('Line Direction',#1357,1.) ;
#1399=VECTOR('Line Direction',#1398,1.) ;
#1406=VECTOR('Line Direction',#1405,1.) ;
#1456=VECTOR('Line Direction',#1455,1.) ;
#1470=VECTOR('Line Direction',#1469,1.) ;
#1496=VECTOR('Line Direction',#1495,1.) ;
#1510=VECTOR('Line Direction',#1509,1.) ;
#1527=VECTOR('Line Direction',#1526,1.) ;
#1534=VECTOR('Line Direction',#1533,1.) ;
#1541=VECTOR('Line Direction',#1540,1.) ;
#1565=VECTOR('Line Direction',#1564,1.) ;
#1598=VECTOR('Line Direction',#1597,1.) ;
#1612=VECTOR('Line Direction',#1611,1.) ;
#1629=VECTOR('Line Direction',#1628,1.) ;
#1636=VECTOR('Line Direction',#1635,1.) ;
#1643=VECTOR('Line Direction',#1642,1.) ;
#1660=VECTOR('Line Direction',#1659,1.) ;
#1667=VECTOR('Line Direction',#1666,1.) ;
#1674=VECTOR('Line Direction',#1673,1.) ;
#1713=VECTOR('Line Direction',#1712,1.) ;
#1720=VECTOR('Line Direction',#1719,1.) ;
#1727=VECTOR('Line Direction',#1726,1.) ;
#1751=VECTOR('Line Direction',#1750,1.) ;
#1775=VECTOR('Line Direction',#1774,1.) ;
#1784=VECTOR('Line Direction',#1783,1.) ;
#1789=VECTOR('Line Direction',#1788,1.) ;
#1813=VECTOR('Line Direction',#1812,1.) ;
#1837=VECTOR('Line Direction',#1836,1.) ;
#1844=VECTOR('Line Direction',#1843,1.) ;
#1851=VECTOR('Line Direction',#1850,1.) ;
#1875=VECTOR('Line Direction',#1874,1.) ;
#1899=VECTOR('Line Direction',#1898,1.) ;
#1908=VECTOR('Line Direction',#1907,1.) ;
#1913=VECTOR('Line Direction',#1912,1.) ;
#1937=VECTOR('Line Direction',#1936,1.) ;
#1961=VECTOR('Line Direction',#1960,1.) ;
#1968=VECTOR('Line Direction',#1967,1.) ;
#1975=VECTOR('Line Direction',#1974,1.) ;
#2006=VECTOR('Line Direction',#2005,1.) ;
#2018=VECTOR('Line Direction',#2017,1.) ;
#2025=VECTOR('Line Direction',#2024,1.) ;
#2032=VECTOR('Line Direction',#2031,1.) ;
#2044=VECTOR('Line Direction',#2043,1.) ;
#2053=VECTOR('Line Direction',#2052,1.) ;
#2058=VECTOR('Line Direction',#2057,1.) ;
#2092=VECTOR('Line Direction',#2091,1.) ;
#2099=VECTOR('Line Direction',#2098,1.) ;
#2106=VECTOR('Line Direction',#2105,1.) ;
#2118=VECTOR('Line Direction',#2117,1.) ;
#2125=VECTOR('Line Direction',#2124,1.) ;
#2132=VECTOR('Line Direction',#2131,1.) ;
#2171=VECTOR('Line Direction',#2170,1.) ;
#2187=VECTOR('Line Direction',#2186,1.) ;
#2211=VECTOR('Line Direction',#2210,1.) ;
#2220=VECTOR('Line Direction',#2219,1.) ;
#2225=VECTOR('Line Direction',#2224,1.) ;
#2249=VECTOR('Line Direction',#2248,1.) ;
#2273=VECTOR('Line Direction',#2272,1.) ;
#2282=VECTOR('Line Direction',#2281,1.) ;
#2287=VECTOR('Line Direction',#2286,1.) ;
#2304=VECTOR('Line Direction',#2303,1.) ;
#2361=VECTOR('Line Direction',#2360,1.) ;
#2368=VECTOR('Line Direction',#2367,1.) ;
#2439=VECTOR('Line Direction',#2438,1.) ;
#2444=VECTOR('Line Direction',#2443,1.) ;
#2509=VECTOR('Line Direction',#2508,1.) ;
#2526=VECTOR('Line Direction',#2525,1.) ;
#2549=ADVANCED_BREP_SHAPE_REPRESENTATION('NONE',(#2548),#46) ;
#49=SHAPE_REPRESENTATION(' ',(#48),#46) ;
#91=ADVANCED_FACE('PartBody',(#90),#56,.F.) ;
#108=ADVANCED_FACE('PartBody',(#107),#56,.F.) ;
#148=ADVANCED_FACE('PartBody',(#147),#113,.F.) ;
#165=ADVANCED_FACE('PartBody',(#164),#113,.F.) ;
#205=ADVANCED_FACE('PartBody',(#204),#170,.T.) ;
#245=ADVANCED_FACE('PartBody',(#244),#210,.T.) ;
#276=ADVANCED_FACE('PartBody',(#275),#250,.F.) ;
#307=ADVANCED_FACE('PartBody',(#306),#281,.T.) ;
#338=ADVANCED_FACE('PartBody',(#337),#312,.F.) ;
#369=ADVANCED_FACE('PartBody',(#368),#343,.T.) ;
#400=ADVANCED_FACE('PartBody',(#399),#374,.F.) ;
#431=ADVANCED_FACE('PartBody',(#430),#405,.T.) ;
#462=ADVANCED_FACE('PartBody',(#461),#436,.F.) ;
#493=ADVANCED_FACE('PartBody',(#492),#467,.T.) ;
#533=ADVANCED_FACE('PartBody',(#532),#498,.T.) ;
#564=ADVANCED_FACE('PartBody',(#563),#538,.F.) ;
#590=ADVANCED_FACE('PartBody',(#589),#436,.F.) ;
#612=ADVANCED_FACE('PartBody',(#611),#595,.T.) ;
#638=ADVANCED_FACE('PartBody',(#637),#374,.F.) ;
#669=ADVANCED_FACE('PartBody',(#668),#643,.T.) ;
#700=ADVANCED_FACE('PartBody',(#699),#674,.T.) ;
#731=ADVANCED_FACE('PartBody',(#730),#705,.T.) ;
#771=ADVANCED_FACE('PartBody',(#770),#736,.T.) ;
#797=ADVANCED_FACE('PartBody',(#796),#538,.F.) ;
#823=ADVANCED_FACE('PartBody',(#822),#674,.T.) ;
#845=ADVANCED_FACE('PartBody',(#844),#828,.T.) ;
#876=ADVANCED_FACE('PartBody',(#875),#850,.T.) ;
#907=ADVANCED_FACE('PartBody',(#906),#881,.F.) ;
#933=ADVANCED_FACE('PartBody',(#932),#850,.T.) ;
#964=ADVANCED_FACE('PartBody',(#963),#938,.F.) ;
#995=ADVANCED_FACE('PartBody',(#994),#969,.T.) ;
#1026=ADVANCED_FACE('PartBody',(#1025),#1000,.T.) ;
#1048=ADVANCED_FACE('PartBody',(#1047),#1031,.F.) ;
#1074=ADVANCED_FACE('PartBody',(#1073),#969,.T.) ;
#1105=ADVANCED_FACE('PartBody',(#1104),#1079,.T.) ;
#1127=ADVANCED_FACE('PartBody',(#1126),#1110,.F.) ;
#1187=ADVANCED_FACE('PartBody',(#1150,#1168,#1186),#1132,.T.) ;
#1242=ADVANCED_FACE('PartBody',(#1205,#1223,#1241),#1132,.T.) ;
#1273=ADVANCED_FACE('PartBody',(#1272),#1247,.F.) ;
#1285=ADVANCED_FACE('PartBody',(#1284),#1247,.F.) ;
#1295=ADVANCED_FACE('PartBody',(#1294),#1290,.T.) ;
#1326=ADVANCED_FACE('PartBody',(#1325),#1300,.F.) ;
#1338=ADVANCED_FACE('PartBody',(#1337),#1300,.F.) ;
#1343=ADVANCED_FACE('PartBody',(#1342),#1290,.T.) ;
#1374=ADVANCED_FACE('PartBody',(#1373),#1348,.F.) ;
#1386=ADVANCED_FACE('PartBody',(#1385),#1348,.F.) ;
#1391=ADVANCED_FACE('PartBody',(#1390),#1290,.T.) ;
#1422=ADVANCED_FACE('PartBody',(#1421),#1396,.F.) ;
#1434=ADVANCED_FACE('PartBody',(#1433),#1396,.F.) ;
#1439=ADVANCED_FACE('PartBody',(#1438),#1290,.T.) ;
#1479=ADVANCED_FACE('PartBody',(#1478),#1444,.T.) ;
#1519=ADVANCED_FACE('PartBody',(#1518),#1484,.T.) ;
#1550=ADVANCED_FACE('PartBody',(#1549),#1524,.T.) ;
#1581=ADVANCED_FACE('PartBody',(#1580),#1555,.T.) ;
#1621=ADVANCED_FACE('PartBody',(#1620),#1586,.T.) ;
#1652=ADVANCED_FACE('PartBody',(#1651),#1626,.T.) ;
#1683=ADVANCED_FACE('PartBody',(#1682),#1657,.T.) ;
#1705=ADVANCED_FACE('PartBody',(#1704),#1688,.F.) ;
#1736=ADVANCED_FACE('PartBody',(#1735),#1710,.T.) ;
#1767=ADVANCED_FACE('PartBody',(#1766),#1741,.T.) ;
#1798=ADVANCED_FACE('PartBody',(#1797),#1772,.F.) ;
#1829=ADVANCED_FACE('PartBody',(#1828),#1803,.F.) ;
#1860=ADVANCED_FACE('PartBody',(#1859),#1834,.T.) ;
#1891=ADVANCED_FACE('PartBody',(#1890),#1865,.T.) ;
#1922=ADVANCED_FACE('PartBody',(#1921),#1896,.F.) ;
#1953=ADVANCED_FACE('PartBody',(#1952),#1927,.T.) ;
#1984=ADVANCED_FACE('PartBody',(#1983),#1958,.T.) ;
#2015=ADVANCED_FACE('PartBody',(#2014),#1989,.T.) ;
#2041=ADVANCED_FACE('PartBody',(#2040),#1657,.T.) ;
#2067=ADVANCED_FACE('PartBody',(#2066),#1772,.F.) ;
#2089=ADVANCED_FACE('PartBody',(#2088),#2072,.F.) ;
#2115=ADVANCED_FACE('PartBody',(#2114),#1834,.T.) ;
#2141=ADVANCED_FACE('PartBody',(#2140),#1626,.T.) ;
#2163=ADVANCED_FACE('PartBody',(#2162),#2146,.F.) ;
#2203=ADVANCED_FACE('PartBody',(#2202),#2168,.F.) ;
#2234=ADVANCED_FACE('PartBody',(#2233),#2208,.F.) ;
#2265=ADVANCED_FACE('PartBody',(#2264),#2239,.F.) ;
#2296=ADVANCED_FACE('PartBody',(#2295),#2270,.F.) ;
#2327=ADVANCED_FACE('PartBody',(#2326),#2301,.F.) ;
#2396=ADVANCED_FACE('PartBody',(#2358,#2387,#2391,#2395),#2332,.F.) ;
#2501=ADVANCED_FACE('PartBody',(#2427,#2456,#2474,#2492,#2496,#2500),#2401,.T.) ;
#2518=ADVANCED_FACE('PartBody',(#2517),#2506,.F.) ;
#2535=ADVANCED_FACE('PartBody',(#2534),#2523,.F.) ;
#2547=ADVANCED_FACE('PartBody',(#2546),#2540,.F.) ;
#4=APPLICATION_PROTOCOL_DEFINITION('international standard','config_control_design',1994,#1) ;
#32=APPROVAL_DATE_TIME(#13,#21) ;
#2548=MANIFOLD_SOLID_BREP('PartBody',#51) ;
#11=CALENDAR_DATE(2025,19,2) ;
#30=CC_DESIGN_APPROVAL(#21,(#16,#6,#14)) ;
#18=CC_DESIGN_DATE_AND_TIME_ASSIGNMENT(#13,#17,(#16)) ;
#29=CC_DESIGN_DATE_AND_TIME_ASSIGNMENT(#13,#28,(#14)) ;
#17=DATE_TIME_ROLE('classification_date') ;
#28=DATE_TIME_ROLE('creation_date') ;
#27=CC_DESIGN_PERSON_AND_ORGANIZATION_ASSIGNMENT(#25,#26,(#16)) ;
#33=CC_DESIGN_PERSON_AND_ORGANIZATION_ASSIGNMENT(#25,#34,(#6)) ;
#35=CC_DESIGN_PERSON_AND_ORGANIZATION_ASSIGNMENT(#25,#36,(#6,#14)) ;
#37=CC_DESIGN_PERSON_AND_ORGANIZATION_ASSIGNMENT(#25,#38,(#5)) ;
#26=PERSON_AND_ORGANIZATION_ROLE('classification_officer') ;
#34=PERSON_AND_ORGANIZATION_ROLE('design_supplier') ;
#36=PERSON_AND_ORGANIZATION_ROLE('creator') ;
#38=PERSON_AND_ORGANIZATION_ROLE('design_owner') ;
#39=CC_DESIGN_SECURITY_CLASSIFICATION(#16,(#6)) ;
#69=CIRCLE('generated circle',#68,2.5) ;
#83=CIRCLE('generated circle',#82,2.5) ;
#95=CIRCLE('generated circle',#94,2.5) ;
#100=CIRCLE('generated circle',#99,2.5) ;
#126=CIRCLE('generated circle',#125,2.5) ;
#140=CIRCLE('generated circle',#139,2.5) ;
#152=CIRCLE('generated circle',#151,2.5) ;
#157=CIRCLE('generated circle',#156,2.5) ;
#174=CIRCLE('generated circle',#173,3.) ;
#190=CIRCLE('generated circle',#189,3.) ;
#214=CIRCLE('generated circle',#213,3.) ;
#230=CIRCLE('generated circle',#229,3.) ;
#285=CIRCLE('generated circle',#284,3.) ;
#299=CIRCLE('generated circle',#298,3.) ;
#347=CIRCLE('generated circle',#346,3.) ;
#354=CIRCLE('generated circle',#353,3.) ;
#409=CIRCLE('generated circle',#408,1.) ;
#423=CIRCLE('generated circle',#422,1.) ;
#471=CIRCLE('generated circle',#470,1.) ;
#485=CIRCLE('generated circle',#484,1.) ;
#502=CIRCLE('generated circle',#501,1.) ;
#518=CIRCLE('generated circle',#517,1.) ;
#599=CIRCLE('generated circle',#598,1.) ;
#604=CIRCLE('generated circle',#603,1.) ;
#647=CIRCLE('generated circle',#646,1.) ;
#654=CIRCLE('generated circle',#653,1.) ;
#709=CIRCLE('generated circle',#708,1.) ;
#716=CIRCLE('generated circle',#715,1.) ;
#740=CIRCLE('generated circle',#739,1.) ;
#756=CIRCLE('generated circle',#755,1.) ;
#832=CIRCLE('generated circle',#831,1.) ;
#837=CIRCLE('generated circle',#836,1.) ;
#885=CIRCLE('generated circle',#884,3.) ;
#899=CIRCLE('generated circle',#898,3.) ;
#951=CIRCLE('generated circle',#950,3.) ;
#956=CIRCLE('generated circle',#955,3.) ;
#1035=CIRCLE('generated circle',#1034,3.) ;
#1040=CIRCLE('generated circle',#1039,3.) ;
#1114=CIRCLE('generated circle',#1113,3.) ;
#1119=CIRCLE('generated circle',#1118,3.) ;
#1154=CIRCLE('generated circle',#1153,0.95) ;
#1163=CIRCLE('generated circle',#1162,0.95) ;
#1172=CIRCLE('generated circle',#1171,0.95) ;
#1181=CIRCLE('generated circle',#1180,0.95) ;
#1209=CIRCLE('generated circle',#1208,0.95) ;
#1218=CIRCLE('generated circle',#1217,0.95) ;
#1227=CIRCLE('generated circle',#1226,0.95) ;
#1236=CIRCLE('generated circle',#1235,0.95) ;
#1265=CIRCLE('generated circle',#1264,0.95) ;
#1277=CIRCLE('generated circle',#1276,0.95) ;
#1318=CIRCLE('generated circle',#1317,0.95) ;
#1330=CIRCLE('generated circle',#1329,0.95) ;
#1366=CIRCLE('generated circle',#1365,0.95) ;
#1378=CIRCLE('generated circle',#1377,0.95) ;
#1414=CIRCLE('generated circle',#1413,0.95) ;
#1426=CIRCLE('generated circle',#1425,0.95) ;
#1448=CIRCLE('generated circle',#1447,2.) ;
#1464=CIRCLE('generated circle',#1463,2.) ;
#1488=CIRCLE('generated circle',#1487,2.) ;
#1504=CIRCLE('generated circle',#1503,2.) ;
#1559=CIRCLE('generated circle',#1558,2.) ;
#1573=CIRCLE('generated circle',#1572,2.) ;
#1590=CIRCLE('generated circle',#1589,2.) ;
#1606=CIRCLE('generated circle',#1605,2.) ;
#1692=CIRCLE('generated circle',#1691,2.) ;
#1697=CIRCLE('generated circle',#1696,2.) ;
#1745=CIRCLE('generated circle',#1744,2.) ;
#1759=CIRCLE('generated circle',#1758,2.) ;
#1807=CIRCLE('generated circle',#1806,2.) ;
#1821=CIRCLE('generated circle',#1820,2.) ;
#1869=CIRCLE('generated circle',#1868,2.) ;
#1883=CIRCLE('generated circle',#1882,2.) ;
#1931=CIRCLE('generated circle',#1930,2.) ;
#1945=CIRCLE('generated circle',#1944,2.) ;
#1993=CIRCLE('generated circle',#1992,2.) ;
#2000=CIRCLE('generated circle',#1999,2.) ;
#2076=CIRCLE('generated circle',#2075,2.) ;
#2081=CIRCLE('generated circle',#2080,2.) ;
#2150=CIRCLE('generated circle',#2149,2.) ;
#2155=CIRCLE('generated circle',#2154,2.) ;
#2181=CIRCLE('generated circle',#2180,3.) ;
#2195=CIRCLE('generated circle',#2194,3.) ;
#2243=CIRCLE('generated circle',#2242,3.) ;
#2257=CIRCLE('generated circle',#2256,3.) ;
#2314=CIRCLE('generated circle',#2313,3.) ;
#2319=CIRCLE('generated circle',#2318,3.) ;
#2376=CIRCLE('generated circle',#2375,3.) ;
#2431=CIRCLE('generated circle',#2430,3.) ;
#2550=SHAPE_REPRESENTATION_RELATIONSHIP(' ',' ',#49,#2549) ;
#56=CYLINDRICAL_SURFACE('generated cylinder',#55,2.5) ;
#113=CYLINDRICAL_SURFACE('generated cylinder',#112,2.5) ;
#170=CYLINDRICAL_SURFACE('generated cylinder',#169,3.) ;
#210=CYLINDRICAL_SURFACE('generated cylinder',#209,3.) ;
#281=CYLINDRICAL_SURFACE('generated cylinder',#280,3.) ;
#343=CYLINDRICAL_SURFACE('generated cylinder',#342,3.) ;
#405=CYLINDRICAL_SURFACE('generated cylinder',#404,1.) ;
#467=CYLINDRICAL_SURFACE('generated cylinder',#466,1.) ;
#498=CYLINDRICAL_SURFACE('generated cylinder',#497,1.) ;
#595=CYLINDRICAL_SURFACE('generated cylinder',#594,1.) ;
#643=CYLINDRICAL_SURFACE('generated cylinder',#642,1.) ;
#705=CYLINDRICAL_SURFACE('generated cylinder',#704,1.) ;
#736=CYLINDRICAL_SURFACE('generated cylinder',#735,1.) ;
#828=CYLINDRICAL_SURFACE('generated cylinder',#827,1.) ;
#881=CYLINDRICAL_SURFACE('generated cylinder',#880,3.) ;
#938=CYLINDRICAL_SURFACE('generated cylinder',#937,3.) ;
#1031=CYLINDRICAL_SURFACE('generated cylinder',#1030,3.) ;
#1110=CYLINDRICAL_SURFACE('generated cylinder',#1109,3.) ;
#1247=CYLINDRICAL_SURFACE('generated cylinder',#1246,0.95) ;
#1300=CYLINDRICAL_SURFACE('generated cylinder',#1299,0.95) ;
#1348=CYLINDRICAL_SURFACE('generated cylinder',#1347,0.95) ;
#1396=CYLINDRICAL_SURFACE('generated cylinder',#1395,0.95) ;
#1444=CYLINDRICAL_SURFACE('generated cylinder',#1443,2.) ;
#1484=CYLINDRICAL_SURFACE('generated cylinder',#1483,2.) ;
#1555=CYLINDRICAL_SURFACE('generated cylinder',#1554,2.) ;
#1586=CYLINDRICAL_SURFACE('generated cylinder',#1585,2.) ;
#1688=CYLINDRICAL_SURFACE('generated cylinder',#1687,2.) ;
#1741=CYLINDRICAL_SURFACE('generated cylinder',#1740,2.) ;
#1803=CYLINDRICAL_SURFACE('generated cylinder',#1802,2.) ;
#1865=CYLINDRICAL_SURFACE('generated cylinder',#1864,2.) ;
#1927=CYLINDRICAL_SURFACE('generated cylinder',#1926,2.) ;
#1989=CYLINDRICAL_SURFACE('generated cylinder',#1988,2.) ;
#2072=CYLINDRICAL_SURFACE('generated cylinder',#2071,2.) ;
#2146=CYLINDRICAL_SURFACE('generated cylinder',#2145,2.) ;
#2168=CYLINDRICAL_SURFACE('generated cylinder',#2167,3.) ;
#2239=CYLINDRICAL_SURFACE('generated cylinder',#2238,3.) ;
#2301=CYLINDRICAL_SURFACE('generated cylinder',#2300,3.) ;
#2540=CYLINDRICAL_SURFACE('generated cylinder',#2539,3.) ;
#3=DESIGN_CONTEXT(' ',#1,'design') ;
#65=EDGE_CURVE('',#62,#64,#60,.F.) ;
#72=EDGE_CURVE('',#62,#71,#69,.T.) ;
#79=EDGE_CURVE('',#71,#78,#76,.F.) ;
#84=EDGE_CURVE('',#64,#78,#83,.T.) ;
#96=EDGE_CURVE('',#71,#62,#95,.T.) ;
#101=EDGE_CURVE('',#78,#64,#100,.T.) ;
#122=EDGE_CURVE('',#119,#121,#117,.F.) ;
#129=EDGE_CURVE('',#119,#128,#126,.T.) ;
#136=EDGE_CURVE('',#128,#135,#133,.F.) ;
#141=EDGE_CURVE('',#121,#135,#140,.T.) ;
#153=EDGE_CURVE('',#128,#119,#152,.T.) ;
#158=EDGE_CURVE('',#135,#121,#157,.T.) ;
#179=EDGE_CURVE('',#176,#178,#174,.F.) ;
#186=EDGE_CURVE('',#185,#178,#183,.T.) ;
#193=EDGE_CURVE('',#185,#192,#190,.T.) ;
#198=EDGE_CURVE('',#192,#176,#197,.T.) ;
#219=EDGE_CURVE('',#216,#218,#214,.F.) ;
#226=EDGE_CURVE('',#225,#218,#223,.T.) ;
#233=EDGE_CURVE('',#225,#232,#230,.T.) ;
#238=EDGE_CURVE('',#232,#216,#237,.T.) ;
#259=EDGE_CURVE('',#256,#258,#254,.T.) ;
#264=EDGE_CURVE('',#256,#185,#263,.F.) ;
#269=EDGE_CURVE('',#258,#178,#268,.F.) ;
#288=EDGE_CURVE('',#258,#287,#285,.F.) ;
#295=EDGE_CURVE('',#294,#287,#292,.T.) ;
#300=EDGE_CURVE('',#294,#256,#299,.T.) ;
#321=EDGE_CURVE('',#318,#320,#316,.T.) ;
#326=EDGE_CURVE('',#216,#320,#325,.F.) ;
#331=EDGE_CURVE('',#232,#318,#330,.F.) ;
#350=EDGE_CURVE('',#349,#320,#347,.F.) ;
#357=EDGE_CURVE('',#318,#356,#354,.T.) ;
#362=EDGE_CURVE('',#356,#349,#361,.T.) ;
#383=EDGE_CURVE('',#380,#382,#378,.T.) ;
#388=EDGE_CURVE('',#380,#225,#387,.F.) ;
#393=EDGE_CURVE('',#382,#218,#392,.F.) ;
#412=EDGE_CURVE('',#382,#411,#409,.F.) ;
#419=EDGE_CURVE('',#418,#411,#416,.T.) ;
#424=EDGE_CURVE('',#418,#380,#423,.T.) ;
#445=EDGE_CURVE('',#442,#444,#440,.T.) ;
#450=EDGE_CURVE('',#442,#418,#449,.F.) ;
#455=EDGE_CURVE('',#444,#411,#454,.F.) ;
#474=EDGE_CURVE('',#444,#473,#471,.F.) ;
#481=EDGE_CURVE('',#480,#473,#478,.T.) ;
#486=EDGE_CURVE('',#480,#442,#485,.T.) ;
#507=EDGE_CURVE('',#504,#506,#502,.F.) ;
#514=EDGE_CURVE('',#513,#506,#511,.T.) ;
#521=EDGE_CURVE('',#513,#520,#518,.T.) ;
#526=EDGE_CURVE('',#520,#504,#525,.T.) ;
#547=EDGE_CURVE('',#544,#546,#542,.T.) ;
#552=EDGE_CURVE('',#349,#546,#551,.F.) ;
#557=EDGE_CURVE('',#356,#544,#556,.F.) ;
#573=EDGE_CURVE('',#570,#572,#568,.T.) ;
#578=EDGE_CURVE('',#570,#513,#577,.F.) ;
#583=EDGE_CURVE('',#572,#506,#582,.F.) ;
#600=EDGE_CURVE('',#572,#546,#599,.F.) ;
#605=EDGE_CURVE('',#544,#570,#604,.T.) ;
#621=EDGE_CURVE('',#618,#620,#616,.T.) ;
#626=EDGE_CURVE('',#176,#620,#625,.F.) ;
#631=EDGE_CURVE('',#192,#618,#630,.F.) ;
#650=EDGE_CURVE('',#649,#620,#647,.F.) ;
#657=EDGE_CURVE('',#618,#656,#654,.T.) ;
#662=EDGE_CURVE('',#656,#649,#661,.T.) ;
#681=EDGE_CURVE('',#649,#680,#678,.T.) ;
#688=EDGE_CURVE('',#656,#687,#685,.T.) ;
#693=EDGE_CURVE('',#687,#680,#692,.T.) ;
#712=EDGE_CURVE('',#711,#680,#709,.F.) ;
#719=EDGE_CURVE('',#687,#718,#716,.T.) ;
#724=EDGE_CURVE('',#718,#711,#723,.T.) ;
#745=EDGE_CURVE('',#742,#744,#740,.F.) ;
#752=EDGE_CURVE('',#751,#744,#749,.T.) ;
#759=EDGE_CURVE('',#751,#758,#756,.T.) ;
#764=EDGE_CURVE('',#758,#742,#763,.T.) ;
#780=EDGE_CURVE('',#777,#779,#775,.T.) ;
#785=EDGE_CURVE('',#777,#294,#784,.F.) ;
#790=EDGE_CURVE('',#779,#287,#789,.F.) ;
#804=EDGE_CURVE('',#742,#803,#801,.T.) ;
#811=EDGE_CURVE('',#758,#810,#808,.T.) ;
#816=EDGE_CURVE('',#810,#803,#815,.T.) ;
#833=EDGE_CURVE('',#779,#803,#832,.F.) ;
#838=EDGE_CURVE('',#810,#777,#837,.T.) ;
#857=EDGE_CURVE('',#856,#751,#854,.T.) ;
#864=EDGE_CURVE('',#863,#744,#861,.T.) ;
#869=EDGE_CURVE('',#863,#856,#868,.F.) ;
#888=EDGE_CURVE('',#887,#863,#885,.F.) ;
#895=EDGE_CURVE('',#887,#894,#892,.F.) ;
#900=EDGE_CURVE('',#856,#894,#899,.T.) ;
#914=EDGE_CURVE('',#504,#913,#911,.T.) ;
#921=EDGE_CURVE('',#520,#920,#918,.T.) ;
#926=EDGE_CURVE('',#913,#920,#925,.F.) ;
#947=EDGE_CURVE('',#944,#946,#942,.F.) ;
#952=EDGE_CURVE('',#913,#944,#951,.F.) ;
#957=EDGE_CURVE('',#946,#920,#956,.T.) ;
#976=EDGE_CURVE('',#711,#975,#973,.T.) ;
#983=EDGE_CURVE('',#718,#982,#980,.T.) ;
#988=EDGE_CURVE('',#975,#982,#987,.F.) ;
#1007=EDGE_CURVE('',#1006,#894,#1004,.T.) ;
#1014=EDGE_CURVE('',#1013,#887,#1011,.T.) ;
#1019=EDGE_CURVE('',#1013,#1006,#1018,.F.) ;
#1036=EDGE_CURVE('',#975,#1013,#1035,.F.) ;
#1041=EDGE_CURVE('',#1006,#982,#1040,.T.) ;
#1055=EDGE_CURVE('',#1054,#480,#1052,.T.) ;
#1062=EDGE_CURVE('',#1061,#473,#1059,.T.) ;
#1067=EDGE_CURVE('',#1061,#1054,#1066,.F.) ;
#1086=EDGE_CURVE('',#944,#1085,#1083,.T.) ;
#1093=EDGE_CURVE('',#946,#1092,#1090,.T.) ;
#1098=EDGE_CURVE('',#1085,#1092,#1097,.F.) ;
#1115=EDGE_CURVE('',#1085,#1061,#1114,.F.) ;
#1120=EDGE_CURVE('',#1054,#1092,#1119,.T.) ;
#1159=EDGE_CURVE('',#1156,#1158,#1154,.T.) ;
#1164=EDGE_CURVE('',#1158,#1156,#1163,.T.) ;
#1177=EDGE_CURVE('',#1174,#1176,#1172,.T.) ;
#1182=EDGE_CURVE('',#1176,#1174,#1181,.T.) ;
#1214=EDGE_CURVE('',#1211,#1213,#1209,.T.) ;
#1219=EDGE_CURVE('',#1213,#1211,#1218,.T.) ;
#1232=EDGE_CURVE('',#1229,#1231,#1227,.T.) ;
#1237=EDGE_CURVE('',#1231,#1229,#1236,.T.) ;
#1254=EDGE_CURVE('',#1211,#1253,#1251,.F.) ;
#1261=EDGE_CURVE('',#1213,#1260,#1258,.F.) ;
#1266=EDGE_CURVE('',#1253,#1260,#1265,.T.) ;
#1278=EDGE_CURVE('',#1260,#1253,#1277,.T.) ;
#1307=EDGE_CURVE('',#1174,#1306,#1304,.F.) ;
#1314=EDGE_CURVE('',#1176,#1313,#1311,.F.) ;
#1319=EDGE_CURVE('',#1306,#1313,#1318,.T.) ;
#1331=EDGE_CURVE('',#1313,#1306,#1330,.T.) ;
#1355=EDGE_CURVE('',#1229,#1354,#1352,.F.) ;
#1362=EDGE_CURVE('',#1231,#1361,#1359,.F.) ;
#1367=EDGE_CURVE('',#1354,#1361,#1366,.T.) ;
#1379=EDGE_CURVE('',#1361,#1354,#1378,.T.) ;
#1403=EDGE_CURVE('',#1156,#1402,#1400,.F.) ;
#1410=EDGE_CURVE('',#1158,#1409,#1407,.F.) ;
#1415=EDGE_CURVE('',#1402,#1409,#1414,.T.) ;
#1427=EDGE_CURVE('',#1409,#1402,#1426,.T.) ;
#1453=EDGE_CURVE('',#1450,#1452,#1448,.F.) ;
#1460=EDGE_CURVE('',#1459,#1452,#1457,.T.) ;
#1467=EDGE_CURVE('',#1459,#1466,#1464,.T.) ;
#1472=EDGE_CURVE('',#1466,#1450,#1471,.T.) ;
#1493=EDGE_CURVE('',#1490,#1492,#1488,.F.) ;
#1500=EDGE_CURVE('',#1499,#1492,#1497,.T.) ;
#1507=EDGE_CURVE('',#1499,#1506,#1504,.T.) ;
#1512=EDGE_CURVE('',#1506,#1490,#1511,.T.) ;
#1531=EDGE_CURVE('',#1530,#1499,#1528,.T.) ;
#1538=EDGE_CURVE('',#1537,#1492,#1535,.T.) ;
#1543=EDGE_CURVE('',#1530,#1537,#1542,.T.) ;
#1562=EDGE_CURVE('',#1537,#1561,#1559,.F.) ;
#1569=EDGE_CURVE('',#1568,#1561,#1566,.T.) ;
#1574=EDGE_CURVE('',#1568,#1530,#1573,.T.) ;
#1595=EDGE_CURVE('',#1592,#1594,#1590,.F.) ;
#1602=EDGE_CURVE('',#1601,#1594,#1599,.T.) ;
#1609=EDGE_CURVE('',#1601,#1608,#1606,.T.) ;
#1614=EDGE_CURVE('',#1608,#1592,#1613,.T.) ;
#1633=EDGE_CURVE('',#1632,#1459,#1630,.T.) ;
#1640=EDGE_CURVE('',#1452,#1639,#1637,.T.) ;
#1645=EDGE_CURVE('',#1639,#1632,#1644,.F.) ;
#1664=EDGE_CURVE('',#1490,#1663,#1661,.T.) ;
#1671=EDGE_CURVE('',#1506,#1670,#1668,.T.) ;
#1676=EDGE_CURVE('',#1663,#1670,#1675,.F.) ;
#1693=EDGE_CURVE('',#1663,#1639,#1692,.F.) ;
#1698=EDGE_CURVE('',#1632,#1670,#1697,.T.) ;
#1717=EDGE_CURVE('',#1601,#1716,#1714,.F.) ;
#1724=EDGE_CURVE('',#1594,#1723,#1721,.F.) ;
#1729=EDGE_CURVE('',#1716,#1723,#1728,.T.) ;
#1748=EDGE_CURVE('',#1723,#1747,#1745,.F.) ;
#1755=EDGE_CURVE('',#1754,#1747,#1752,.T.) ;
#1760=EDGE_CURVE('',#1754,#1716,#1759,.T.) ;
#1781=EDGE_CURVE('',#1778,#1780,#1776,.F.) ;
#1786=EDGE_CURVE('',#1780,#1754,#1785,.F.) ;
#1791=EDGE_CURVE('',#1747,#1778,#1790,.T.) ;
#1810=EDGE_CURVE('',#1809,#1778,#1807,.F.) ;
#1817=EDGE_CURVE('',#1809,#1816,#1814,.F.) ;
#1822=EDGE_CURVE('',#1780,#1816,#1821,.T.) ;
#1841=EDGE_CURVE('',#1840,#1816,#1838,.F.) ;
#1848=EDGE_CURVE('',#1847,#1809,#1845,.T.) ;
#1853=EDGE_CURVE('',#1840,#1847,#1852,.T.) ;
#1872=EDGE_CURVE('',#1847,#1871,#1869,.F.) ;
#1879=EDGE_CURVE('',#1878,#1871,#1876,.T.) ;
#1884=EDGE_CURVE('',#1878,#1840,#1883,.T.) ;
#1905=EDGE_CURVE('',#1902,#1904,#1900,.T.) ;
#1910=EDGE_CURVE('',#1902,#1878,#1909,.F.) ;
#1915=EDGE_CURVE('',#1871,#1904,#1914,.T.) ;
#1934=EDGE_CURVE('',#1904,#1933,#1931,.F.) ;
#1941=EDGE_CURVE('',#1940,#1933,#1938,.T.) ;
#1946=EDGE_CURVE('',#1940,#1902,#1945,.T.) ;
#1965=EDGE_CURVE('',#1964,#1450,#1962,.F.) ;
#1972=EDGE_CURVE('',#1971,#1466,#1969,.F.) ;
#1977=EDGE_CURVE('',#1971,#1964,#1976,.T.) ;
#1996=EDGE_CURVE('',#1995,#1964,#1993,.F.) ;
#2003=EDGE_CURVE('',#1971,#2002,#2000,.T.) ;
#2008=EDGE_CURVE('',#2002,#1995,#2007,.T.) ;
#2022=EDGE_CURVE('',#2021,#1940,#2019,.F.) ;
#2029=EDGE_CURVE('',#2028,#1933,#2026,.T.) ;
#2034=EDGE_CURVE('',#2028,#2021,#2033,.F.) ;
#2050=EDGE_CURVE('',#2047,#2049,#2045,.F.) ;
#2055=EDGE_CURVE('',#1995,#2047,#2054,.T.) ;
#2060=EDGE_CURVE('',#2002,#2049,#2059,.F.) ;
#2077=EDGE_CURVE('',#2047,#2028,#2076,.F.) ;
#2082=EDGE_CURVE('',#2021,#2049,#2081,.T.) ;
#2096=EDGE_CURVE('',#2095,#1568,#2093,.T.) ;
#2103=EDGE_CURVE('',#2102,#1561,#2100,.T.) ;
#2108=EDGE_CURVE('',#2102,#2095,#2107,.F.) ;
#2122=EDGE_CURVE('',#1592,#2121,#2119,.T.) ;
#2129=EDGE_CURVE('',#1608,#2128,#2126,.T.) ;
#2134=EDGE_CURVE('',#2121,#2128,#2133,.F.) ;
#2151=EDGE_CURVE('',#2121,#2102,#2150,.F.) ;
#2156=EDGE_CURVE('',#2095,#2128,#2155,.T.) ;
#2177=EDGE_CURVE('',#2174,#2176,#2172,.F.) ;
#2184=EDGE_CURVE('',#2183,#2174,#2181,.F.) ;
#2191=EDGE_CURVE('',#2183,#2190,#2188,.F.) ;
#2196=EDGE_CURVE('',#2176,#2190,#2195,.T.) ;
#2217=EDGE_CURVE('',#2214,#2216,#2212,.F.) ;
#2222=EDGE_CURVE('',#2216,#2190,#2221,.F.) ;
#2227=EDGE_CURVE('',#2183,#2214,#2226,.T.) ;
#2246=EDGE_CURVE('',#2245,#2214,#2243,.F.) ;
#2253=EDGE_CURVE('',#2245,#2252,#2250,.F.) ;
#2258=EDGE_CURVE('',#2216,#2252,#2257,.T.) ;
#2279=EDGE_CURVE('',#2276,#2278,#2274,.F.) ;
#2284=EDGE_CURVE('',#2276,#2174,#2283,.T.) ;
#2289=EDGE_CURVE('',#2176,#2278,#2288,.F.) ;
#2310=EDGE_CURVE('',#2307,#2309,#2305,.F.) ;
#2315=EDGE_CURVE('',#2276,#2307,#2314,.F.) ;
#2320=EDGE_CURVE('',#2309,#2278,#2319,.T.) ;
#2365=EDGE_CURVE('',#2245,#2364,#2362,.T.) ;
#2372=EDGE_CURVE('',#2371,#2307,#2369,.T.) ;
#2377=EDGE_CURVE('',#2371,#2364,#2376,.T.) ;
#2436=EDGE_CURVE('',#2433,#2435,#2431,.F.) ;
#2441=EDGE_CURVE('',#2309,#2435,#2440,.F.) ;
#2446=EDGE_CURVE('',#2433,#2252,#2445,.F.) ;
#2511=EDGE_CURVE('',#2364,#2433,#2510,.F.) ;
#2528=EDGE_CURVE('',#2371,#2435,#2527,.F.) ;
#85=EDGE_LOOP('',(#86,#87,#88,#89)) ;
#102=EDGE_LOOP('',(#103,#104,#105,#106)) ;
#142=EDGE_LOOP('',(#143,#144,#145,#146)) ;
#159=EDGE_LOOP('',(#160,#161,#162,#163)) ;
#199=EDGE_LOOP('',(#200,#201,#202,#203)) ;
#239=EDGE_LOOP('',(#240,#241,#242,#243)) ;
#270=EDGE_LOOP('',(#271,#272,#273,#274)) ;
#301=EDGE_LOOP('',(#302,#303,#304,#305)) ;
#332=EDGE_LOOP('',(#333,#334,#335,#336)) ;
#363=EDGE_LOOP('',(#364,#365,#366,#367)) ;
#394=EDGE_LOOP('',(#395,#396,#397,#398)) ;
#425=EDGE_LOOP('',(#426,#427,#428,#429)) ;
#456=EDGE_LOOP('',(#457,#458,#459,#460)) ;
#487=EDGE_LOOP('',(#488,#489,#490,#491)) ;
#527=EDGE_LOOP('',(#528,#529,#530,#531)) ;
#558=EDGE_LOOP('',(#559,#560,#561,#562)) ;
#584=EDGE_LOOP('',(#585,#586,#587,#588)) ;
#606=EDGE_LOOP('',(#607,#608,#609,#610)) ;
#632=EDGE_LOOP('',(#633,#634,#635,#636)) ;
#663=EDGE_LOOP('',(#664,#665,#666,#667)) ;
#694=EDGE_LOOP('',(#695,#696,#697,#698)) ;
#725=EDGE_LOOP('',(#726,#727,#728,#729)) ;
#765=EDGE_LOOP('',(#766,#767,#768,#769)) ;
#791=EDGE_LOOP('',(#792,#793,#794,#795)) ;
#817=EDGE_LOOP('',(#818,#819,#820,#821)) ;
#839=EDGE_LOOP('',(#840,#841,#842,#843)) ;
#870=EDGE_LOOP('',(#871,#872,#873,#874)) ;
#901=EDGE_LOOP('',(#902,#903,#904,#905)) ;
#927=EDGE_LOOP('',(#928,#929,#930,#931)) ;
#958=EDGE_LOOP('',(#959,#960,#961,#962)) ;
#989=EDGE_LOOP('',(#990,#991,#992,#993)) ;
#1020=EDGE_LOOP('',(#1021,#1022,#1023,#1024)) ;
#1042=EDGE_LOOP('',(#1043,#1044,#1045,#1046)) ;
#1068=EDGE_LOOP('',(#1069,#1070,#1071,#1072)) ;
#1099=EDGE_LOOP('',(#1100,#1101,#1102,#1103)) ;
#1121=EDGE_LOOP('',(#1122,#1123,#1124,#1125)) ;
#1133=EDGE_LOOP('',(#1134,#1135,#1136,#1137,#1138,#1139,#1140,#1141,#1142,#1143,#1144,#1145,#1146,#1147,#1148,#1149)) ;
#1165=EDGE_LOOP('',(#1166,#1167)) ;
#1183=EDGE_LOOP('',(#1184,#1185)) ;
#1188=EDGE_LOOP('',(#1189,#1190,#1191,#1192,#1193,#1194,#1195,#1196,#1197,#1198,#1199,#1200,#1201,#1202,#1203,#1204)) ;
#1220=EDGE_LOOP('',(#1221,#1222)) ;
#1238=EDGE_LOOP('',(#1239,#1240)) ;
#1267=EDGE_LOOP('',(#1268,#1269,#1270,#1271)) ;
#1279=EDGE_LOOP('',(#1280,#1281,#1282,#1283)) ;
#1291=EDGE_LOOP('',(#1292,#1293)) ;
#1320=EDGE_LOOP('',(#1321,#1322,#1323,#1324)) ;
#1332=EDGE_LOOP('',(#1333,#1334,#1335,#1336)) ;
#1339=EDGE_LOOP('',(#1340,#1341)) ;
#1368=EDGE_LOOP('',(#1369,#1370,#1371,#1372)) ;
#1380=EDGE_LOOP('',(#1381,#1382,#1383,#1384)) ;
#1387=EDGE_LOOP('',(#1388,#1389)) ;
#1416=EDGE_LOOP('',(#1417,#1418,#1419,#1420)) ;
#1428=EDGE_LOOP('',(#1429,#1430,#1431,#1432)) ;
#1435=EDGE_LOOP('',(#1436,#1437)) ;
#1473=EDGE_LOOP('',(#1474,#1475,#1476,#1477)) ;
#1513=EDGE_LOOP('',(#1514,#1515,#1516,#1517)) ;
#1544=EDGE_LOOP('',(#1545,#1546,#1547,#1548)) ;
#1575=EDGE_LOOP('',(#1576,#1577,#1578,#1579)) ;
#1615=EDGE_LOOP('',(#1616,#1617,#1618,#1619)) ;
#1646=EDGE_LOOP('',(#1647,#1648,#1649,#1650)) ;
#1677=EDGE_LOOP('',(#1678,#1679,#1680,#1681)) ;
#1699=EDGE_LOOP('',(#1700,#1701,#1702,#1703)) ;
#1730=EDGE_LOOP('',(#1731,#1732,#1733,#1734)) ;
#1761=EDGE_LOOP('',(#1762,#1763,#1764,#1765)) ;
#1792=EDGE_LOOP('',(#1793,#1794,#1795,#1796)) ;
#1823=EDGE_LOOP('',(#1824,#1825,#1826,#1827)) ;
#1854=EDGE_LOOP('',(#1855,#1856,#1857,#1858)) ;
#1885=EDGE_LOOP('',(#1886,#1887,#1888,#1889)) ;
#1916=EDGE_LOOP('',(#1917,#1918,#1919,#1920)) ;
#1947=EDGE_LOOP('',(#1948,#1949,#1950,#1951)) ;
#1978=EDGE_LOOP('',(#1979,#1980,#1981,#1982)) ;
#2009=EDGE_LOOP('',(#2010,#2011,#2012,#2013)) ;
#2035=EDGE_LOOP('',(#2036,#2037,#2038,#2039)) ;
#2061=EDGE_LOOP('',(#2062,#2063,#2064,#2065)) ;
#2083=EDGE_LOOP('',(#2084,#2085,#2086,#2087)) ;
#2109=EDGE_LOOP('',(#2110,#2111,#2112,#2113)) ;
#2135=EDGE_LOOP('',(#2136,#2137,#2138,#2139)) ;
#2157=EDGE_LOOP('',(#2158,#2159,#2160,#2161)) ;
#2197=EDGE_LOOP('',(#2198,#2199,#2200,#2201)) ;
#2228=EDGE_LOOP('',(#2229,#2230,#2231,#2232)) ;
#2259=EDGE_LOOP('',(#2260,#2261,#2262,#2263)) ;
#2290=EDGE_LOOP('',(#2291,#2292,#2293,#2294)) ;
#2321=EDGE_LOOP('',(#2322,#2323,#2324,#2325)) ;
#2333=EDGE_LOOP('',(#2334,#2335,#2336,#2337,#2338,#2339,#2340,#2341,#2342,#2343,#2344,#2345,#2346,#2347,#2348,#2349,#2350,#2351,#2352,#2353,#2354,#2355,#2356,#2357)) ;
#2378=EDGE_LOOP('',(#2379,#2380,#2381,#2382,#2383,#2384,#2385,#2386)) ;
#2388=EDGE_LOOP('',(#2389,#2390)) ;
#2392=EDGE_LOOP('',(#2393,#2394)) ;
#2402=EDGE_LOOP('',(#2403,#2404,#2405,#2406,#2407,#2408,#2409,#2410,#2411,#2412,#2413,#2414,#2415,#2416,#2417,#2418,#2419,#2420,#2421,#2422,#2423,#2424,#2425,#2426)) ;
#2447=EDGE_LOOP('',(#2448,#2449,#2450,#2451,#2452,#2453,#2454,#2455)) ;
#2457=EDGE_LOOP('',(#2458,#2459,#2460,#2461,#2462,#2463,#2464,#2465,#2466,#2467,#2468,#2469,#2470,#2471,#2472,#2473)) ;
#2475=EDGE_LOOP('',(#2476,#2477,#2478,#2479,#2480,#2481,#2482,#2483,#2484,#2485,#2486,#2487,#2488,#2489,#2490,#2491)) ;
#2493=EDGE_LOOP('',(#2494,#2495)) ;
#2497=EDGE_LOOP('',(#2498,#2499)) ;
#2512=EDGE_LOOP('',(#2513,#2514,#2515,#2516)) ;
#2529=EDGE_LOOP('',(#2530,#2531,#2532,#2533)) ;
#2541=EDGE_LOOP('',(#2542,#2543,#2544,#2545)) ;
#90=FACE_OUTER_BOUND('',#85,.T.) ;
#107=FACE_OUTER_BOUND('',#102,.T.) ;
#147=FACE_OUTER_BOUND('',#142,.T.) ;
#164=FACE_OUTER_BOUND('',#159,.T.) ;
#204=FACE_OUTER_BOUND('',#199,.T.) ;
#244=FACE_OUTER_BOUND('',#239,.T.) ;
#275=FACE_OUTER_BOUND('',#270,.T.) ;
#306=FACE_OUTER_BOUND('',#301,.T.) ;
#337=FACE_OUTER_BOUND('',#332,.T.) ;
#368=FACE_OUTER_BOUND('',#363,.T.) ;
#399=FACE_OUTER_BOUND('',#394,.T.) ;
#430=FACE_OUTER_BOUND('',#425,.T.) ;
#461=FACE_OUTER_BOUND('',#456,.T.) ;
#492=FACE_OUTER_BOUND('',#487,.T.) ;
#532=FACE_OUTER_BOUND('',#527,.T.) ;
#563=FACE_OUTER_BOUND('',#558,.T.) ;
#589=FACE_OUTER_BOUND('',#584,.T.) ;
#611=FACE_OUTER_BOUND('',#606,.T.) ;
#637=FACE_OUTER_BOUND('',#632,.T.) ;
#668=FACE_OUTER_BOUND('',#663,.T.) ;
#699=FACE_OUTER_BOUND('',#694,.T.) ;
#730=FACE_OUTER_BOUND('',#725,.T.) ;
#770=FACE_OUTER_BOUND('',#765,.T.) ;
#796=FACE_OUTER_BOUND('',#791,.T.) ;
#822=FACE_OUTER_BOUND('',#817,.T.) ;
#844=FACE_OUTER_BOUND('',#839,.T.) ;
#875=FACE_OUTER_BOUND('',#870,.T.) ;
#906=FACE_OUTER_BOUND('',#901,.T.) ;
#932=FACE_OUTER_BOUND('',#927,.T.) ;
#963=FACE_OUTER_BOUND('',#958,.T.) ;
#994=FACE_OUTER_BOUND('',#989,.T.) ;
#1025=FACE_OUTER_BOUND('',#1020,.T.) ;
#1047=FACE_OUTER_BOUND('',#1042,.T.) ;
#1073=FACE_OUTER_BOUND('',#1068,.T.) ;
#1104=FACE_OUTER_BOUND('',#1099,.T.) ;
#1126=FACE_OUTER_BOUND('',#1121,.T.) ;
#1150=FACE_OUTER_BOUND('',#1133,.T.) ;
#1205=FACE_OUTER_BOUND('',#1188,.T.) ;
#1272=FACE_OUTER_BOUND('',#1267,.T.) ;
#1284=FACE_OUTER_BOUND('',#1279,.T.) ;
#1294=FACE_OUTER_BOUND('',#1291,.T.) ;
#1325=FACE_OUTER_BOUND('',#1320,.T.) ;
#1337=FACE_OUTER_BOUND('',#1332,.T.) ;
#1342=FACE_OUTER_BOUND('',#1339,.T.) ;
#1373=FACE_OUTER_BOUND('',#1368,.T.) ;
#1385=FACE_OUTER_BOUND('',#1380,.T.) ;
#1390=FACE_OUTER_BOUND('',#1387,.T.) ;
#1421=FACE_OUTER_BOUND('',#1416,.T.) ;
#1433=FACE_OUTER_BOUND('',#1428,.T.) ;
#1438=FACE_OUTER_BOUND('',#1435,.T.) ;
#1478=FACE_OUTER_BOUND('',#1473,.T.) ;
#1518=FACE_OUTER_BOUND('',#1513,.T.) ;
#1549=FACE_OUTER_BOUND('',#1544,.T.) ;
#1580=FACE_OUTER_BOUND('',#1575,.T.) ;
#1620=FACE_OUTER_BOUND('',#1615,.T.) ;
#1651=FACE_OUTER_BOUND('',#1646,.T.) ;
#1682=FACE_OUTER_BOUND('',#1677,.T.) ;
#1704=FACE_OUTER_BOUND('',#1699,.T.) ;
#1735=FACE_OUTER_BOUND('',#1730,.T.) ;
#1766=FACE_OUTER_BOUND('',#1761,.T.) ;
#1797=FACE_OUTER_BOUND('',#1792,.T.) ;
#1828=FACE_OUTER_BOUND('',#1823,.T.) ;
#1859=FACE_OUTER_BOUND('',#1854,.T.) ;
#1890=FACE_OUTER_BOUND('',#1885,.T.) ;
#1921=FACE_OUTER_BOUND('',#1916,.T.) ;
#1952=FACE_OUTER_BOUND('',#1947,.T.) ;
#1983=FACE_OUTER_BOUND('',#1978,.T.) ;
#2014=FACE_OUTER_BOUND('',#2009,.T.) ;
#2040=FACE_OUTER_BOUND('',#2035,.T.) ;
#2066=FACE_OUTER_BOUND('',#2061,.T.) ;
#2088=FACE_OUTER_BOUND('',#2083,.T.) ;
#2114=FACE_OUTER_BOUND('',#2109,.T.) ;
#2140=FACE_OUTER_BOUND('',#2135,.T.) ;
#2162=FACE_OUTER_BOUND('',#2157,.T.) ;
#2202=FACE_OUTER_BOUND('',#2197,.T.) ;
#2233=FACE_OUTER_BOUND('',#2228,.T.) ;
#2264=FACE_OUTER_BOUND('',#2259,.T.) ;
#2295=FACE_OUTER_BOUND('',#2290,.T.) ;
#2326=FACE_OUTER_BOUND('',#2321,.T.) ;
#2358=FACE_OUTER_BOUND('',#2333,.T.) ;
#2427=FACE_OUTER_BOUND('',#2402,.T.) ;
#2517=FACE_OUTER_BOUND('',#2512,.T.) ;
#2534=FACE_OUTER_BOUND('',#2529,.T.) ;
#2546=FACE_OUTER_BOUND('',#2541,.T.) ;
#45=UNCERTAINTY_MEASURE_WITH_UNIT(LENGTH_MEASURE(0.005),#41,'distance_accuracy_value','CONFUSED CURVE UNCERTAINTY') ;
#60=LINE('Line',#57,#59) ;
#76=LINE('Line',#73,#75) ;
#117=LINE('Line',#114,#116) ;
#133=LINE('Line',#130,#132) ;
#183=LINE('Line',#180,#182) ;
#197=LINE('Line',#194,#196) ;
#223=LINE('Line',#220,#222) ;
#237=LINE('Line',#234,#236) ;
#254=LINE('Line',#251,#253) ;
#263=LINE('Line',#260,#262) ;
#268=LINE('Line',#265,#267) ;
#292=LINE('Line',#289,#291) ;
#316=LINE('Line',#313,#315) ;
#325=LINE('Line',#322,#324) ;
#330=LINE('Line',#327,#329) ;
#361=LINE('Line',#358,#360) ;
#378=LINE('Line',#375,#377) ;
#387=LINE('Line',#384,#386) ;
#392=LINE('Line',#389,#391) ;
#416=LINE('Line',#413,#415) ;
#440=LINE('Line',#437,#439) ;
#449=LINE('Line',#446,#448) ;
#454=LINE('Line',#451,#453) ;
#478=LINE('Line',#475,#477) ;
#511=LINE('Line',#508,#510) ;
#525=LINE('Line',#522,#524) ;
#542=LINE('Line',#539,#541) ;
#551=LINE('Line',#548,#550) ;
#556=LINE('Line',#553,#555) ;
#568=LINE('Line',#565,#567) ;
#577=LINE('Line',#574,#576) ;
#582=LINE('Line',#579,#581) ;
#616=LINE('Line',#613,#615) ;
#625=LINE('Line',#622,#624) ;
#630=LINE('Line',#627,#629) ;
#661=LINE('Line',#658,#660) ;
#678=LINE('Line',#675,#677) ;
#685=LINE('Line',#682,#684) ;
#692=LINE('Line',#689,#691) ;
#723=LINE('Line',#720,#722) ;
#749=LINE('Line',#746,#748) ;
#763=LINE('Line',#760,#762) ;
#775=LINE('Line',#772,#774) ;
#784=LINE('Line',#781,#783) ;
#789=LINE('Line',#786,#788) ;
#801=LINE('Line',#798,#800) ;
#808=LINE('Line',#805,#807) ;
#815=LINE('Line',#812,#814) ;
#854=LINE('Line',#851,#853) ;
#861=LINE('Line',#858,#860) ;
#868=LINE('Line',#865,#867) ;
#892=LINE('Line',#889,#891) ;
#911=LINE('Line',#908,#910) ;
#918=LINE('Line',#915,#917) ;
#925=LINE('Line',#922,#924) ;
#942=LINE('Line',#939,#941) ;
#973=LINE('Line',#970,#972) ;
#980=LINE('Line',#977,#979) ;
#987=LINE('Line',#984,#986) ;
#1004=LINE('Line',#1001,#1003) ;
#1011=LINE('Line',#1008,#1010) ;
#1018=LINE('Line',#1015,#1017) ;
#1052=LINE('Line',#1049,#1051) ;
#1059=LINE('Line',#1056,#1058) ;
#1066=LINE('Line',#1063,#1065) ;
#1083=LINE('Line',#1080,#1082) ;
#1090=LINE('Line',#1087,#1089) ;
#1097=LINE('Line',#1094,#1096) ;
#1251=LINE('Line',#1248,#1250) ;
#1258=LINE('Line',#1255,#1257) ;
#1304=LINE('Line',#1301,#1303) ;
#1311=LINE('Line',#1308,#1310) ;
#1352=LINE('Line',#1349,#1351) ;
#1359=LINE('Line',#1356,#1358) ;
#1400=LINE('Line',#1397,#1399) ;
#1407=LINE('Line',#1404,#1406) ;
#1457=LINE('Line',#1454,#1456) ;
#1471=LINE('Line',#1468,#1470) ;
#1497=LINE('Line',#1494,#1496) ;
#1511=LINE('Line',#1508,#1510) ;
#1528=LINE('Line',#1525,#1527) ;
#1535=LINE('Line',#1532,#1534) ;
#1542=LINE('Line',#1539,#1541) ;
#1566=LINE('Line',#1563,#1565) ;
#1599=LINE('Line',#1596,#1598) ;
#1613=LINE('Line',#1610,#1612) ;
#1630=LINE('Line',#1627,#1629) ;
#1637=LINE('Line',#1634,#1636) ;
#1644=LINE('Line',#1641,#1643) ;
#1661=LINE('Line',#1658,#1660) ;
#1668=LINE('Line',#1665,#1667) ;
#1675=LINE('Line',#1672,#1674) ;
#1714=LINE('Line',#1711,#1713) ;
#1721=LINE('Line',#1718,#1720) ;
#1728=LINE('Line',#1725,#1727) ;
#1752=LINE('Line',#1749,#1751) ;
#1776=LINE('Line',#1773,#1775) ;
#1785=LINE('Line',#1782,#1784) ;
#1790=LINE('Line',#1787,#1789) ;
#1814=LINE('Line',#1811,#1813) ;
#1838=LINE('Line',#1835,#1837) ;
#1845=LINE('Line',#1842,#1844) ;
#1852=LINE('Line',#1849,#1851) ;
#1876=LINE('Line',#1873,#1875) ;
#1900=LINE('Line',#1897,#1899) ;
#1909=LINE('Line',#1906,#1908) ;
#1914=LINE('Line',#1911,#1913) ;
#1938=LINE('Line',#1935,#1937) ;
#1962=LINE('Line',#1959,#1961) ;
#1969=LINE('Line',#1966,#1968) ;
#1976=LINE('Line',#1973,#1975) ;
#2007=LINE('Line',#2004,#2006) ;
#2019=LINE('Line',#2016,#2018) ;
#2026=LINE('Line',#2023,#2025) ;
#2033=LINE('Line',#2030,#2032) ;
#2045=LINE('Line',#2042,#2044) ;
#2054=LINE('Line',#2051,#2053) ;
#2059=LINE('Line',#2056,#2058) ;
#2093=LINE('Line',#2090,#2092) ;
#2100=LINE('Line',#2097,#2099) ;
#2107=LINE('Line',#2104,#2106) ;
#2119=LINE('Line',#2116,#2118) ;
#2126=LINE('Line',#2123,#2125) ;
#2133=LINE('Line',#2130,#2132) ;
#2172=LINE('Line',#2169,#2171) ;
#2188=LINE('Line',#2185,#2187) ;
#2212=LINE('Line',#2209,#2211) ;
#2221=LINE('Line',#2218,#2220) ;
#2226=LINE('Line',#2223,#2225) ;
#2250=LINE('Line',#2247,#2249) ;
#2274=LINE('Line',#2271,#2273) ;
#2283=LINE('Line',#2280,#2282) ;
#2288=LINE('Line',#2285,#2287) ;
#2305=LINE('Line',#2302,#2304) ;
#2362=LINE('Line',#2359,#2361) ;
#2369=LINE('Line',#2366,#2368) ;
#2440=LINE('Line',#2437,#2439) ;
#2445=LINE('Line',#2442,#2444) ;
#2510=LINE('Line',#2507,#2509) ;
#2527=LINE('Line',#2524,#2526) ;
#2=MECHANICAL_CONTEXT(' ',#1,'mechanical') ;
#24=PERSONAL_ADDRESS(' ',' ',' ',' ',' ',' ',' ',' ',' ',' ',' ',' ',(#22),' ') ;
#250=PLANE('Plane',#249) ;
#312=PLANE('Plane',#311) ;
#374=PLANE('Plane',#373) ;
#436=PLANE('Plane',#435) ;
#538=PLANE('Plane',#537) ;
#674=PLANE('Plane',#673) ;
#850=PLANE('Plane',#849) ;
#969=PLANE('Plane',#968) ;
#1000=PLANE('Plane',#999) ;
#1079=PLANE('Plane',#1078) ;
#1132=PLANE('Plane',#1131) ;
#1290=PLANE('Plane',#1289) ;
#1524=PLANE('Plane',#1523) ;
#1626=PLANE('Plane',#1625) ;
#1657=PLANE('Plane',#1656) ;
#1710=PLANE('Plane',#1709) ;
#1772=PLANE('Plane',#1771) ;
#1834=PLANE('Plane',#1833) ;
#1896=PLANE('Plane',#1895) ;
#1958=PLANE('Plane',#1957) ;
#2208=PLANE('Plane',#2207) ;
#2270=PLANE('Plane',#2269) ;
#2332=PLANE('Plane',#2331) ;
#2401=PLANE('Plane',#2400) ;
#2506=PLANE('Plane',#2505) ;
#2523=PLANE('Plane',#2522) ;
#43=PLANE_ANGLE_MEASURE_WITH_UNIT(PLANE_ANGLE_MEASURE(0.0174532925199),#42) ;
#7=PRODUCT_CATEGORY('part',$) ;
#9=PRODUCT_CATEGORY_RELATIONSHIP(' ',' ',#7,#8) ;
#6=PRODUCT_DEFINITION_FORMATION_WITH_SPECIFIED_SOURCE('',' ',#5,.NOT_KNOWN.) ;
#8=PRODUCT_RELATED_PRODUCT_CATEGORY('detail',$,(#5)) ;
#50=SHAPE_DEFINITION_REPRESENTATION(#40,#49) ;
#62=VERTEX_POINT('',#61) ;
#64=VERTEX_POINT('',#63) ;
#71=VERTEX_POINT('',#70) ;
#78=VERTEX_POINT('',#77) ;
#119=VERTEX_POINT('',#118) ;
#121=VERTEX_POINT('',#120) ;
#128=VERTEX_POINT('',#127) ;
#135=VERTEX_POINT('',#134) ;
#176=VERTEX_POINT('',#175) ;
#178=VERTEX_POINT('',#177) ;
#185=VERTEX_POINT('',#184) ;
#192=VERTEX_POINT('',#191) ;
#216=VERTEX_POINT('',#215) ;
#218=VERTEX_POINT('',#217) ;
#225=VERTEX_POINT('',#224) ;
#232=VERTEX_POINT('',#231) ;
#256=VERTEX_POINT('',#255) ;
#258=VERTEX_POINT('',#257) ;
#287=VERTEX_POINT('',#286) ;
#294=VERTEX_POINT('',#293) ;
#318=VERTEX_POINT('',#317) ;
#320=VERTEX_POINT('',#319) ;
#349=VERTEX_POINT('',#348) ;
#356=VERTEX_POINT('',#355) ;
#380=VERTEX_POINT('',#379) ;
#382=VERTEX_POINT('',#381) ;
#411=VERTEX_POINT('',#410) ;
#418=VERTEX_POINT('',#417) ;
#442=VERTEX_POINT('',#441) ;
#444=VERTEX_POINT('',#443) ;
#473=VERTEX_POINT('',#472) ;
#480=VERTEX_POINT('',#479) ;
#504=VERTEX_POINT('',#503) ;
#506=VERTEX_POINT('',#505) ;
#513=VERTEX_POINT('',#512) ;
#520=VERTEX_POINT('',#519) ;
#544=VERTEX_POINT('',#543) ;
#546=VERTEX_POINT('',#545) ;
#570=VERTEX_POINT('',#569) ;
#572=VERTEX_POINT('',#571) ;
#618=VERTEX_POINT('',#617) ;
#620=VERTEX_POINT('',#619) ;
#649=VERTEX_POINT('',#648) ;
#656=VERTEX_POINT('',#655) ;
#680=VERTEX_POINT('',#679) ;
#687=VERTEX_POINT('',#686) ;
#711=VERTEX_POINT('',#710) ;
#718=VERTEX_POINT('',#717) ;
#742=VERTEX_POINT('',#741) ;
#744=VERTEX_POINT('',#743) ;
#751=VERTEX_POINT('',#750) ;
#758=VERTEX_POINT('',#757) ;
#777=VERTEX_POINT('',#776) ;
#779=VERTEX_POINT('',#778) ;
#803=VERTEX_POINT('',#802) ;
#810=VERTEX_POINT('',#809) ;
#856=VERTEX_POINT('',#855) ;
#863=VERTEX_POINT('',#862) ;
#887=VERTEX_POINT('',#886) ;
#894=VERTEX_POINT('',#893) ;
#913=VERTEX_POINT('',#912) ;
#920=VERTEX_POINT('',#919) ;
#944=VERTEX_POINT('',#943) ;
#946=VERTEX_POINT('',#945) ;
#975=VERTEX_POINT('',#974) ;
#982=VERTEX_POINT('',#981) ;
#1006=VERTEX_POINT('',#1005) ;
#1013=VERTEX_POINT('',#1012) ;
#1054=VERTEX_POINT('',#1053) ;
#1061=VERTEX_POINT('',#1060) ;
#1085=VERTEX_POINT('',#1084) ;
#1092=VERTEX_POINT('',#1091) ;
#1156=VERTEX_POINT('',#1155) ;
#1158=VERTEX_POINT('',#1157) ;
#1174=VERTEX_POINT('',#1173) ;
#1176=VERTEX_POINT('',#1175) ;
#1211=VERTEX_POINT('',#1210) ;
#1213=VERTEX_POINT('',#1212) ;
#1229=VERTEX_POINT('',#1228) ;
#1231=VERTEX_POINT('',#1230) ;
#1253=VERTEX_POINT('',#1252) ;
#1260=VERTEX_POINT('',#1259) ;
#1306=VERTEX_POINT('',#1305) ;
#1313=VERTEX_POINT('',#1312) ;
#1354=VERTEX_POINT('',#1353) ;
#1361=VERTEX_POINT('',#1360) ;
#1402=VERTEX_POINT('',#1401) ;
#1409=VERTEX_POINT('',#1408) ;
#1450=VERTEX_POINT('',#1449) ;
#1452=VERTEX_POINT('',#1451) ;
#1459=VERTEX_POINT('',#1458) ;
#1466=VERTEX_POINT('',#1465) ;
#1490=VERTEX_POINT('',#1489) ;
#1492=VERTEX_POINT('',#1491) ;
#1499=VERTEX_POINT('',#1498) ;
#1506=VERTEX_POINT('',#1505) ;
#1530=VERTEX_POINT('',#1529) ;
#1537=VERTEX_POINT('',#1536) ;
#1561=VERTEX_POINT('',#1560) ;
#1568=VERTEX_POINT('',#1567) ;
#1592=VERTEX_POINT('',#1591) ;
#1594=VERTEX_POINT('',#1593) ;
#1601=VERTEX_POINT('',#1600) ;
#1608=VERTEX_POINT('',#1607) ;
#1632=VERTEX_POINT('',#1631) ;
#1639=VERTEX_POINT('',#1638) ;
#1663=VERTEX_POINT('',#1662) ;
#1670=VERTEX_POINT('',#1669) ;
#1716=VERTEX_POINT('',#1715) ;
#1723=VERTEX_POINT('',#1722) ;
#1747=VERTEX_POINT('',#1746) ;
#1754=VERTEX_POINT('',#1753) ;
#1778=VERTEX_POINT('',#1777) ;
#1780=VERTEX_POINT('',#1779) ;
#1809=VERTEX_POINT('',#1808) ;
#1816=VERTEX_POINT('',#1815) ;
#1840=VERTEX_POINT('',#1839) ;
#1847=VERTEX_POINT('',#1846) ;
#1871=VERTEX_POINT('',#1870) ;
#1878=VERTEX_POINT('',#1877) ;
#1902=VERTEX_POINT('',#1901) ;
#1904=VERTEX_POINT('',#1903) ;
#1933=VERTEX_POINT('',#1932) ;
#1940=VERTEX_POINT('',#1939) ;
#1964=VERTEX_POINT('',#1963) ;
#1971=VERTEX_POINT('',#1970) ;
#1995=VERTEX_POINT('',#1994) ;
#2002=VERTEX_POINT('',#2001) ;
#2021=VERTEX_POINT('',#2020) ;
#2028=VERTEX_POINT('',#2027) ;
#2047=VERTEX_POINT('',#2046) ;
#2049=VERTEX_POINT('',#2048) ;
#2095=VERTEX_POINT('',#2094) ;
#2102=VERTEX_POINT('',#2101) ;
#2121=VERTEX_POINT('',#2120) ;
#2128=VERTEX_POINT('',#2127) ;
#2174=VERTEX_POINT('',#2173) ;
#2176=VERTEX_POINT('',#2175) ;
#2183=VERTEX_POINT('',#2182) ;
#2190=VERTEX_POINT('',#2189) ;
#2214=VERTEX_POINT('',#2213) ;
#2216=VERTEX_POINT('',#2215) ;
#2245=VERTEX_POINT('',#2244) ;
#2252=VERTEX_POINT('',#2251) ;
#2276=VERTEX_POINT('',#2275) ;
#2278=VERTEX_POINT('',#2277) ;
#2307=VERTEX_POINT('',#2306) ;
#2309=VERTEX_POINT('',#2308) ;
#2364=VERTEX_POINT('',#2363) ;
#2371=VERTEX_POINT('',#2370) ;
#2433=VERTEX_POINT('',#2432) ;
#2435=VERTEX_POINT('',#2434) ;
#41=(LENGTH_UNIT()NAMED_UNIT(*)SI_UNIT(.MILLI.,.METRE.)) ;
#42=(NAMED_UNIT(*)PLANE_ANGLE_UNIT()SI_UNIT($,.RADIAN.)) ;
#44=(NAMED_UNIT(*)SI_UNIT($,.STERADIAN.)SOLID_ANGLE_UNIT()) ;
#46=(GEOMETRIC_REPRESENTATION_CONTEXT(3)GLOBAL_UNCERTAINTY_ASSIGNED_CONTEXT((#45))GLOBAL_UNIT_ASSIGNED_CONTEXT((#41,#42,#44))REPRESENTATION_CONTEXT(' ',' ')) ;
ENDSEC;
END-ISO-10303-21;
